{
	"Chara" : {
		"Name" : "センチュリオン Mk.1",
		"DisplayName" : "センチュリオン Mk.1",
		"Plate" : ["14", "14", "LightGreen"],
		"Block" : [
			{
				"Name" : "車体",
				"BottomPos" : "1",
				"Layer" : [
					[	
						{"x" : "3","y" : "3","w" : "2","d" : "2","r" : "0","c" : "Black"}
						,{"x" : "10","y" : "3","w" : "2","d" : "2","r" : "0","c" : "Black"}
						,{"x" : "3","y" : "5","w" : "2","d" : "2","r" : "0","c" : "Black"}
						,{"x" : "10","y" : "5","w" : "2","d" : "2","r" : "0","c" : "Black"}
						,{"x" : "3","y" : "7","w" : "2","d" : "2","r" : "0","c" : "Black"}
						,{"x" : "10","y" : "7","w" : "2","d" : "2","r" : "0","c" : "Black"}
						,{"x" : "13","y" : "7","w" : "1","d" : "1","r" : "0","c" : "Flesh"}
						,{"x" : "3","y" : "9","w" : "2","d" : "2","r" : "0","c" : "Black"}
						,{"x" : "10","y" : "9","w" : "2","d" : "2","r" : "0","c" : "Black"}
						,{"x" : "3","y" : "11","w" : "2","d" : "2","r" : "0","c" : "Black"}
						,{"x" : "10","y" : "11","w" : "2","d" : "2","r" : "0","c" : "Black"}
					]	
					,[	
						{"x" : "3","y" : "2","w" : "2","d" : "2","r" : "0","c" : "Black"}
						,{"x" : "10","y" : "2","w" : "2","d" : "2","r" : "0","c" : "Black"}
						,{"x" : "3","y" : "4","w" : "2","d" : "8","r" : "0","c" : "Gray"}
						,{"x" : "5","y" : "4","w" : "2","d" : "8","r" : "0","c" : "Gray"}
						,{"x" : "7","y" : "4","w" : "1","d" : "8","r" : "0","c" : "Gray"}
						,{"x" : "8","y" : "4","w" : "2","d" : "8","r" : "0","c" : "Gray"}
						,{"x" : "10","y" : "4","w" : "2","d" : "8","r" : "0","c" : "Gray"}
						,{"x" : "13","y" : "7","w" : "1","d" : "1","r" : "0","c" : "Gray"}
						,{"x" : "3","y" : "12","w" : "2","d" : "2","r" : "0","c" : "Black"}
						,{"x" : "10","y" : "12","w" : "2","d" : "2","r" : "0","c" : "Black"}
					]	
					,[	
						{"x" : "3","y" : "2","w" : "2","d" : "4","r" : "0","c" : "Gray"}
						,{"x" : "10","y" : "2","w" : "2","d" : "4","r" : "0","c" : "Gray"}
						,{"x" : "5","y" : "3","w" : "2","d" : "4","r" : "1","c" : "Gray"}
						,{"x" : "9","y" : "3","w" : "1","d" : "6","r" : "0","c" : "Gray"}
						,{"x" : "5","y" : "5","w" : "2","d" : "4","r" : "1","c" : "Gray"}
						,{"x" : "3","y" : "6","w" : "2","d" : "4","r" : "0","c" : "Gray"}
						,{"x" : "10","y" : "6","w" : "2","d" : "4","r" : "0","c" : "Gray"}
						,{"x" : "5","y" : "7","w" : "1","d" : "6","r" : "0","c" : "Gray"}
						,{"x" : "6","y" : "7","w" : "2","d" : "3","r" : "1","c" : "Gray"}
						,{"x" : "13","y" : "7","w" : "1","d" : "1","r" : "0","c" : "SilverGray"}
						,{"x" : "6","y" : "9","w" : "2","d" : "4","r" : "1","c" : "Gray"}
						,{"x" : "3","y" : "10","w" : "2","d" : "4","r" : "0","c" : "Gray"}
						,{"x" : "10","y" : "10","w" : "2","d" : "4","r" : "0","c" : "Gray"}
						,{"x" : "6","y" : "11","w" : "2","d" : "4","r" : "1","c" : "Gray"}
					]	
					,[	
						{"x" : "3","y" : "3","w" : "2","d" : "4","r" : "0","c" : "Gray"}
						,{"x" : "5","y" : "3","w" : "1","d" : "2","r" : "0","c" : "Gray"}
						,{"x" : "6","y" : "3","w" : "2","d" : "4","r" : "1","c" : "Gray"}
						,{"x" : "10","y" : "3","w" : "2","d" : "4","r" : "0","c" : "Gray"}
						,{"x" : "5","y" : "5","w" : "2","d" : "4","r" : "0","c" : "Gray"}
						,{"x" : "7","y" : "5","w" : "1","d" : "1","r" : "0","c" : "Gray"}
						,{"x" : "8","y" : "5","w" : "1","d" : "2","r" : "1","c" : "Gray"}
						,{"x" : "7","y" : "6","w" : "2","d" : "3","r" : "1","c" : "Gray"}
						,{"x" : "3","y" : "7","w" : "2","d" : "2","r" : "0","c" : "Gray"}
						,{"x" : "10","y" : "7","w" : "2","d" : "2","r" : "0","c" : "Gray"}
						,{"x" : "7","y" : "8","w" : "1","d" : "2","r" : "0","c" : "Gray"}
						,{"x" : "8","y" : "8","w" : "2","d" : "4","r" : "0","c" : "Gray"}
						,{"x" : "3","y" : "9","w" : "2","d" : "4","r" : "0","c" : "Gray"}
						,{"x" : "5","y" : "9","w" : "1","d" : "2","r" : "1","c" : "Gray"}
						,{"x" : "10","y" : "9","w" : "2","d" : "4","r" : "0","c" : "Gray"}
						,{"x" : "5","y" : "10","w" : "2","d" : "3","r" : "1","c" : "Gray"}
					]	
					,[	
						{"x" : "5","y" : "2","w" : "2","d" : "4","r" : "0","c" : "Gray"}
						,{"x" : "7","y" : "2","w" : "1","d" : "8","r" : "0","c" : "Gray"}
						,{"x" : "8","y" : "2","w" : "2","d" : "4","r" : "0","c" : "Gray"}
						,{"x" : "4","y" : "3","w" : "1","d" : "3","r" : "0","c" : "Gray"}
						,{"x" : "10","y" : "3","w" : "1","d" : "3","r" : "0","c" : "Gray"}
						,{"x" : "3","y" : "6","w" : "2","d" : "4","r" : "1","c" : "Gray"}
						,{"x" : "8","y" : "6","w" : "2","d" : "4","r" : "1","c" : "Gray"}
						,{"x" : "3","y" : "8","w" : "2","d" : "4","r" : "1","c" : "Gray"}
						,{"x" : "8","y" : "8","w" : "2","d" : "4","r" : "1","c" : "Gray"}
						,{"x" : "5","y" : "10","w" : "1","d" : "2","r" : "1","c" : "Gray"}
						,{"x" : "7","y" : "10","w" : "1","d" : "1","r" : "0","c" : "Gray"}
						,{"x" : "8","y" : "10","w" : "1","d" : "2","r" : "1","c" : "Gray"}
					]	
					,[	
						{"x" : "5","y" : "5","w" : "1","d" : "3","r" : "1","c" : "Gray"}
						,{"x" : "8","y" : "5","w" : "1","d" : "2","r" : "1","c" : "Gray"}
						,{"x" : "5","y" : "6","w" : "2","d" : "2","r" : "0","c" : "LightBlue"}
						,{"x" : "7","y" : "6","w" : "1","d" : "2","r" : "0","c" : "Gray"}
						,{"x" : "8","y" : "6","w" : "2","d" : "2","r" : "0","c" : "LightBlue"}
						,{"x" : "5","y" : "8","w" : "2","d" : "2","r" : "0","c" : "Gray"}
						,{"x" : "7","y" : "8","w" : "1","d" : "8","r" : "0","c" : "Gray"}
						,{"x" : "8","y" : "8","w" : "2","d" : "2","r" : "0","c" : "Gray"}
						,{"x" : "9","y" : "10","w" : "1","d" : "2","r" : "0","c" : "Gray"}
					]	
					,[	
						{"x" : "4","y" : "3","w" : "2","d" : "3","r" : "0","c" : "Gray"}
						,{"x" : "9","y" : "3","w" : "2","d" : "3","r" : "0","c" : "Gray"}
						,{"x" : "6","y" : "4","w" : "1","d" : "4","r" : "0","c" : "Gray"}
						,{"x" : "7","y" : "4","w" : "2","d" : "4","r" : "0","c" : "Gray"}
						,{"x" : "5","y" : "6","w" : "1","d" : "3","r" : "0","c" : "Gray"}
						,{"x" : "9","y" : "6","w" : "1","d" : "3","r" : "0","c" : "Gray"}
						,{"x" : "6","y" : "8","w" : "2","d" : "3","r" : "1","c" : "Gray"}
					]	
					,[	
						{"x" : "6","y" : "6","w" : "2","d" : "2","r" : "0","c" : "Gray"}
					]	
				]
			}
		]
	}
}
