{
	"Chara" : {
		"Name" : "重巡洋艦愛宕",
		"DisplayName" : "愛宕さん",
		"Copyright" : "©2015 DMM.com POWERCHORD STUDIO / C2 / KADOKAWA GAMES All Rights Reserved.",
		"Plate" : ["14", "14", "ClearBlue"],
		"Block" : [
			{
				"Name" : "全身",
				"BottomPos" : "1",
				"Layer" : [
					[	
						{"x" : "10","y" : "4","w" : "1","d" : "1","r" : "0","c" : "Blue"}
						,{"x" : "9","y" : "5","w" : "2","d" : "3","r" : "0","c" : "Blue"}
						,{"x" : "6","y" : "6","w" : "1","d" : "1","r" : "0","c" : "Blue"}
						,{"x" : "6","y" : "7","w" : "2","d" : "3","r" : "0","c" : "Blue"}
					]	
					,[	
						{"x" : "9","y" : "5","w" : "2","d" : "2","r" : "0","c" : "Black"}
						,{"x" : "6","y" : "7","w" : "2","d" : "2","r" : "0","c" : "Black"}
					]	
					,[	
						{"x" : "3","y" : "4","w" : "1","d" : "4","r" : "1","c" : "Blue"}
						,{"x" : "7","y" : "4","w" : "1","d" : "2","r" : "1","c" : "Blue"}
						,{"x" : "9","y" : "4","w" : "1","d" : "4","r" : "1","c" : "Blue"}
						,{"x" : "2","y" : "5","w" : "1","d" : "4","r" : "0","c" : "Blue"}
						,{"x" : "9","y" : "5","w" : "2","d" : "2","r" : "0","c" : "Black"}
						,{"x" : "13","y" : "5","w" : "1","d" : "4","r" : "0","c" : "Blue"}
						,{"x" : "6","y" : "7","w" : "2","d" : "2","r" : "0","c" : "Black"}
						,{"x" : "2","y" : "9","w" : "1","d" : "2","r" : "0","c" : "Blue"}
						,{"x" : "13","y" : "9","w" : "1","d" : "2","r" : "0","c" : "Blue"}
					]	
					,[	
						{"x" : "3","y" : "4","w" : "1","d" : "1","r" : "0","c" : "Blue"}
						,{"x" : "4","y" : "4","w" : "1","d" : "8","r" : "1","c" : "Blue"}
						,{"x" : "12","y" : "4","w" : "1","d" : "1","r" : "0","c" : "Blue"}
						,{"x" : "2","y" : "5","w" : "2","d" : "3","r" : "0","c" : "Blue"}
						,{"x" : "9","y" : "5","w" : "2","d" : "2","r" : "0","c" : "Black"}
						,{"x" : "12","y" : "5","w" : "2","d" : "3","r" : "0","c" : "Blue"}
						,{"x" : "6","y" : "7","w" : "2","d" : "2","r" : "0","c" : "Black"}
						,{"x" : "2","y" : "8","w" : "1","d" : "3","r" : "0","c" : "Blue"}
						,{"x" : "13","y" : "8","w" : "1","d" : "3","r" : "0","c" : "Blue"}
					]	
					,[	
						{"x" : "3","y" : "4","w" : "2","d" : "2","r" : "0","c" : "Blue"}
						,{"x" : "5","y" : "4","w" : "1","d" : "6","r" : "1","c" : "Blue"}
						,{"x" : "11","y" : "4","w" : "2","d" : "2","r" : "0","c" : "Blue"}
						,{"x" : "2","y" : "6","w" : "2","d" : "2","r" : "0","c" : "Blue"}
						,{"x" : "8","y" : "6","w" : "2","d" : "2","r" : "0","c" : "Black"}
						,{"x" : "12","y" : "6","w" : "2","d" : "2","r" : "0","c" : "Blue"}
						,{"x" : "6","y" : "7","w" : "2","d" : "2","r" : "0","c" : "Black"}
						,{"x" : "2","y" : "8","w" : "1","d" : "2","r" : "0","c" : "Blue"}
						,{"x" : "13","y" : "8","w" : "1","d" : "2","r" : "0","c" : "Blue"}
						,{"x" : "2","y" : "10","w" : "1","d" : "2","r" : "1","c" : "Blue"}
						,{"x" : "12","y" : "10","w" : "1","d" : "2","r" : "1","c" : "Blue"}
					]	
					,[	
						{"x" : "4","y" : "4","w" : "2","d" : "2","r" : "0","c" : "Blue"}
						,{"x" : "6","y" : "4","w" : "1","d" : "4","r" : "1","c" : "Blue"}
						,{"x" : "10","y" : "4","w" : "2","d" : "2","r" : "0","c" : "Blue"}
						,{"x" : "3","y" : "5","w" : "1","d" : "2","r" : "0","c" : "Blue"}
						,{"x" : "12","y" : "5","w" : "1","d" : "2","r" : "0","c" : "Blue"}
						,{"x" : "2","y" : "6","w" : "1","d" : "3","r" : "0","c" : "Blue"}
						,{"x" : "8","y" : "6","w" : "2","d" : "2","r" : "0","c" : "Black"}
						,{"x" : "13","y" : "6","w" : "1","d" : "3","r" : "0","c" : "Blue"}
						,{"x" : "6","y" : "7","w" : "2","d" : "2","r" : "0","c" : "Black"}
						,{"x" : "2","y" : "9","w" : "2","d" : "3","r" : "1","c" : "Blue"}
						,{"x" : "11","y" : "9","w" : "2","d" : "3","r" : "1","c" : "Blue"}
					]	
					,[	
						{"x" : "5","y" : "4","w" : "1","d" : "6","r" : "1","c" : "Blue"}
						,{"x" : "4","y" : "5","w" : "2","d" : "2","r" : "0","c" : "Blue"}
						,{"x" : "10","y" : "5","w" : "2","d" : "2","r" : "0","c" : "Blue"}
						,{"x" : "2","y" : "6","w" : "2","d" : "4","r" : "0","c" : "Blue"}
						,{"x" : "8","y" : "6","w" : "2","d" : "2","r" : "0","c" : "Black"}
						,{"x" : "12","y" : "6","w" : "2","d" : "4","r" : "0","c" : "Blue"}
						,{"x" : "6","y" : "7","w" : "2","d" : "2","r" : "0","c" : "Black"}
						,{"x" : "4","y" : "9","w" : "2","d" : "2","r" : "0","c" : "Blue"}
						,{"x" : "10","y" : "9","w" : "2","d" : "2","r" : "0","c" : "Blue"}
					]	
					,[	
						{"x" : "5","y" : "5","w" : "1","d" : "6","r" : "1","c" : "Blue"}
						,{"x" : "3","y" : "6","w" : "2","d" : "4","r" : "0","c" : "Blue"}
						,{"x" : "5","y" : "6","w" : "1","d" : "1","r" : "0","c" : "Blue"}
						,{"x" : "9","y" : "6","w" : "1","d" : "2","r" : "0","c" : "Black"}
						,{"x" : "10","y" : "6","w" : "1","d" : "1","r" : "0","c" : "Blue"}
						,{"x" : "11","y" : "6","w" : "2","d" : "4","r" : "0","c" : "Blue"}
						,{"x" : "6","y" : "7","w" : "1","d" : "2","r" : "0","c" : "Black"}
						,{"x" : "7","y" : "7","w" : "1","d" : "1","r" : "0","c" : "Black"}
						,{"x" : "8","y" : "7","w" : "1","d" : "1","r" : "0","c" : "Black"}
						,{"x" : "7","y" : "8","w" : "1","d" : "2","r" : "1","c" : "Black"}
						,{"x" : "5","y" : "10","w" : "1","d" : "2","r" : "1","c" : "Blue"}
						,{"x" : "9","y" : "10","w" : "1","d" : "2","r" : "1","c" : "Blue"}
					]	
					,[	
						{"x" : "6","y" : "5","w" : "2","d" : "4","r" : "1","c" : "Blue"}
						,{"x" : "4","y" : "6","w" : "2","d" : "4","r" : "0","c" : "White"}
						,{"x" : "10","y" : "6","w" : "2","d" : "4","r" : "0","c" : "White"}
						,{"x" : "6","y" : "7","w" : "2","d" : "4","r" : "1","c" : "Black"}
						,{"x" : "14","y" : "7","w" : "2","d" : "2","r" : "0","c" : "Black"}
						,{"x" : "6","y" : "9","w" : "2","d" : "4","r" : "1","c" : "Blue"}
					]	
					,[	
						{"x" : "6","y" : "6","w" : "1","d" : "1","r" : "0","c" : "Blue"}
						,{"x" : "7","y" : "6","w" : "1","d" : "2","r" : "1","c" : "Blue"}
						,{"x" : "9","y" : "6","w" : "1","d" : "1","r" : "0","c" : "Blue"}
						,{"x" : "5","y" : "7","w" : "2","d" : "6","r" : "1","c" : "Blue"}
						,{"x" : "13","y" : "7","w" : "2","d" : "2","r" : "0","c" : "White"}
						,{"x" : "6","y" : "9","w" : "1","d" : "1","r" : "0","c" : "Blue"}
						,{"x" : "7","y" : "9","w" : "1","d" : "2","r" : "1","c" : "Blue"}
						,{"x" : "9","y" : "9","w" : "1","d" : "1","r" : "0","c" : "Blue"}
					]	
					,[	
						{"x" : "6","y" : "6","w" : "2","d" : "4","r" : "0","c" : "Blue"}
						,{"x" : "8","y" : "6","w" : "2","d" : "4","r" : "0","c" : "Blue"}
						,{"x" : "12","y" : "7","w" : "2","d" : "2","r" : "0","c" : "Blue"}
					]	
					,[	
						{"x" : "6","y" : "6","w" : "2","d" : "4","r" : "1","c" : "Blue"}
						,{"x" : "11","y" : "7","w" : "2","d" : "2","r" : "0","c" : "Blue"}
						,{"x" : "3","y" : "8","w" : "2","d" : "3","r" : "0","c" : "Blue"}
						,{"x" : "6","y" : "8","w" : "1","d" : "1","r" : "0","c" : "Blue"}
						,{"x" : "7","y" : "8","w" : "1","d" : "2","r" : "1","c" : "Blue"}
						,{"x" : "9","y" : "8","w" : "1","d" : "1","r" : "0","c" : "Blue"}
						,{"x" : "6","y" : "9","w" : "2","d" : "4","r" : "1","c" : "Blue"}
					]	
					,[	
						{"x" : "4","y" : "1","w" : "2","d" : "4","r" : "1","c" : "Yellow"}
						,{"x" : "8","y" : "1","w" : "2","d" : "4","r" : "1","c" : "Yellow"}
						,{"x" : "3","y" : "3","w" : "1","d" : "2","r" : "1","c" : "Yellow"}
						,{"x" : "11","y" : "3","w" : "1","d" : "2","r" : "1","c" : "Yellow"}
						,{"x" : "1","y" : "4","w" : "2","d" : "4","r" : "0","c" : "Yellow"}
						,{"x" : "13","y" : "4","w" : "2","d" : "4","r" : "0","c" : "Yellow"}
						,{"x" : "6","y" : "6","w" : "1","d" : "4","r" : "1","c" : "Blue"}
						,{"x" : "4","y" : "7","w" : "2","d" : "4","r" : "1","c" : "Blue"}
						,{"x" : "8","y" : "7","w" : "2","d" : "4","r" : "1","c" : "Blue"}
						,{"x" : "5","y" : "9","w" : "1","d" : "3","r" : "1","c" : "Blue"}
						,{"x" : "8","y" : "9","w" : "1","d" : "3","r" : "1","c" : "Blue"}
						,{"x" : "3","y" : "10","w" : "2","d" : "2","r" : "0","c" : "Blue"}
						,{"x" : "6","y" : "10","w" : "2","d" : "4","r" : "1","c" : "Blue"}
					]	
					,[	
						{"x" : "6","y" : "2","w" : "2","d" : "4","r" : "1","c" : "Yellow"}
						,{"x" : "4","y" : "3","w" : "2","d" : "2","r" : "0","c" : "Yellow"}
						,{"x" : "10","y" : "3","w" : "2","d" : "2","r" : "0","c" : "Yellow"}
						,{"x" : "2","y" : "4","w" : "2","d" : "2","r" : "0","c" : "Yellow"}
						,{"x" : "12","y" : "4","w" : "2","d" : "2","r" : "0","c" : "Yellow"}
						,{"x" : "1","y" : "6","w" : "2","d" : "4","r" : "0","c" : "Yellow"}
						,{"x" : "7","y" : "6","w" : "2","d" : "2","r" : "0","c" : "Blue"}
						,{"x" : "13","y" : "6","w" : "2","d" : "4","r" : "0","c" : "Yellow"}
						,{"x" : "5","y" : "7","w" : "2","d" : "2","r" : "0","c" : "Blue"}
						,{"x" : "9","y" : "7","w" : "2","d" : "2","r" : "0","c" : "Blue"}
						,{"x" : "7","y" : "8","w" : "2","d" : "3","r" : "0","c" : "White"}
						,{"x" : "6","y" : "9","w" : "1","d" : "1","r" : "0","c" : "Blue"}
						,{"x" : "9","y" : "9","w" : "1","d" : "1","r" : "0","c" : "Blue"}
						,{"x" : "2","y" : "11","w" : "2","d" : "2","r" : "0","c" : "White"}
					]	
					,[	
						{"x" : "7","y" : "3","w" : "2","d" : "2","r" : "0","c" : "Yellow"}
						,{"x" : "5","y" : "4","w" : "2","d" : "2","r" : "0","c" : "Yellow"}
						,{"x" : "9","y" : "4","w" : "2","d" : "2","r" : "0","c" : "Yellow"}
						,{"x" : "3","y" : "5","w" : "2","d" : "2","r" : "0","c" : "Yellow"}
						,{"x" : "11","y" : "5","w" : "2","d" : "2","r" : "0","c" : "Yellow"}
						,{"x" : "2","y" : "7","w" : "2","d" : "4","r" : "0","c" : "Yellow"}
						,{"x" : "6","y" : "7","w" : "2","d" : "4","r" : "1","c" : "Black"}
						,{"x" : "12","y" : "7","w" : "2","d" : "4","r" : "0","c" : "Yellow"}
						,{"x" : "7","y" : "9","w" : "1","d" : "2","r" : "1","c" : "Black"}
						,{"x" : "4","y" : "10","w" : "1","d" : "2","r" : "0","c" : "Yellow"}
						,{"x" : "11","y" : "10","w" : "1","d" : "2","r" : "0","c" : "Yellow"}
						,{"x" : "2","y" : "11","w" : "2","d" : "2","r" : "0","c" : "Black"}
					]	
					,[	
						{"x" : "7","y" : "4","w" : "2","d" : "3","r" : "0","c" : "Yellow"}
						,{"x" : "5","y" : "5","w" : "2","d" : "2","r" : "0","c" : "Yellow"}
						,{"x" : "9","y" : "5","w" : "2","d" : "2","r" : "0","c" : "Yellow"}
						,{"x" : "3","y" : "6","w" : "2","d" : "3","r" : "0","c" : "Yellow"}
						,{"x" : "11","y" : "6","w" : "2","d" : "3","r" : "0","c" : "Yellow"}
						,{"x" : "5","y" : "7","w" : "2","d" : "6","r" : "1","c" : "Flesh"}
						,{"x" : "4","y" : "9","w" : "1","d" : "8","r" : "1","c" : "Flesh"}
						,{"x" : "4","y" : "10","w" : "1","d" : "1","r" : "0","c" : "Yellow"}
						,{"x" : "5","y" : "10","w" : "1","d" : "2","r" : "1","c" : "Flesh"}
						,{"x" : "7","y" : "10","w" : "1","d" : "2","r" : "1","c" : "Pink"}
						,{"x" : "9","y" : "10","w" : "1","d" : "2","r" : "1","c" : "Flesh"}
						,{"x" : "11","y" : "10","w" : "1","d" : "1","r" : "0","c" : "Yellow"}
					]	
					,[	
						{"x" : "6","y" : "4","w" : "2","d" : "4","r" : "1","c" : "Yellow"}
						,{"x" : "4","y" : "5","w" : "2","d" : "4","r" : "0","c" : "Yellow"}
						,{"x" : "10","y" : "5","w" : "2","d" : "4","r" : "0","c" : "Yellow"}
						,{"x" : "6","y" : "6","w" : "2","d" : "4","r" : "1","c" : "Yellow"}
						,{"x" : "3","y" : "7","w" : "1","d" : "2","r" : "0","c" : "Yellow"}
						,{"x" : "12","y" : "7","w" : "1","d" : "2","r" : "0","c" : "Yellow"}
						,{"x" : "6","y" : "8","w" : "1","d" : "1","r" : "0","c" : "Flesh"}
						,{"x" : "7","y" : "8","w" : "2","d" : "3","r" : "0","c" : "Flesh"}
						,{"x" : "9","y" : "8","w" : "1","d" : "1","r" : "0","c" : "Flesh"}
						,{"x" : "4","y" : "9","w" : "1","d" : "1","r" : "0","c" : "Flesh"}
						,{"x" : "5","y" : "9","w" : "1","d" : "2","r" : "0","c" : "Flesh"}
						,{"x" : "6","y" : "9","w" : "1","d" : "2","r" : "0","c" : "ClearBlue"}
						,{"x" : "9","y" : "9","w" : "1","d" : "2","r" : "0","c" : "ClearBlue"}
						,{"x" : "10","y" : "9","w" : "1","d" : "2","r" : "0","c" : "Flesh"}
						,{"x" : "11","y" : "9","w" : "1","d" : "1","r" : "0","c" : "Flesh"}
						,{"x" : "4","y" : "10","w" : "1","d" : "1","r" : "0","c" : "Yellow"}
						,{"x" : "11","y" : "10","w" : "1","d" : "1","r" : "0","c" : "Yellow"}
					]	
					,[	
						{"x" : "7","y" : "4","w" : "2","d" : "3","r" : "0","c" : "Yellow"}
						,{"x" : "5","y" : "5","w" : "2","d" : "4","r" : "0","c" : "Yellow"}
						,{"x" : "9","y" : "5","w" : "2","d" : "4","r" : "0","c" : "Yellow"}
						,{"x" : "4","y" : "6","w" : "1","d" : "1","r" : "0","c" : "Yellow"}
						,{"x" : "11","y" : "6","w" : "1","d" : "1","r" : "0","c" : "Yellow"}
						,{"x" : "4","y" : "7","w" : "1","d" : "4","r" : "0","c" : "Yellow"}
						,{"x" : "7","y" : "7","w" : "2","d" : "4","r" : "0","c" : "Flesh"}
						,{"x" : "11","y" : "7","w" : "1","d" : "4","r" : "0","c" : "Yellow"}
						,{"x" : "3","y" : "8","w" : "1","d" : "2","r" : "0","c" : "Yellow"}
						,{"x" : "12","y" : "8","w" : "1","d" : "2","r" : "0","c" : "Yellow"}
						,{"x" : "5","y" : "9","w" : "1","d" : "2","r" : "0","c" : "Flesh"}
						,{"x" : "6","y" : "9","w" : "1","d" : "2","r" : "0","c" : "Blue"}
						,{"x" : "9","y" : "9","w" : "1","d" : "2","r" : "0","c" : "Blue"}
						,{"x" : "10","y" : "9","w" : "1","d" : "2","r" : "0","c" : "Flesh"}
					]	
					,[	
						{"x" : "6","y" : "5","w" : "2","d" : "4","r" : "1","c" : "Yellow"}
						,{"x" : "4","y" : "6","w" : "2","d" : "4","r" : "0","c" : "Yellow"}
						,{"x" : "10","y" : "6","w" : "2","d" : "4","r" : "0","c" : "Yellow"}
						,{"x" : "6","y" : "7","w" : "2","d" : "4","r" : "1","c" : "Yellow"}
						,{"x" : "6","y" : "9","w" : "2","d" : "4","r" : "1","c" : "Flesh"}
						,{"x" : "4","y" : "10","w" : "1","d" : "1","r" : "0","c" : "Yellow"}
						,{"x" : "5","y" : "10","w" : "1","d" : "2","r" : "0","c" : "Yellow"}
						,{"x" : "10","y" : "10","w" : "1","d" : "2","r" : "0","c" : "Yellow"}
						,{"x" : "11","y" : "10","w" : "1","d" : "1","r" : "0","c" : "Yellow"}
						,{"x" : "7","y" : "11","w" : "1","d" : "1","r" : "0","c" : "Yellow"}
					]	
					,[	
						{"x" : "9","y" : "4","w" : "1","d" : "2","r" : "0","c" : "LightBlue"}
						,{"x" : "7","y" : "5","w" : "2","d" : "3","r" : "0","c" : "Yellow"}
						,{"x" : "5","y" : "6","w" : "2","d" : "2","r" : "0","c" : "Yellow"}
						,{"x" : "9","y" : "6","w" : "2","d" : "2","r" : "0","c" : "Yellow"}
						,{"x" : "4","y" : "8","w" : "2","d" : "4","r" : "1","c" : "Yellow"}
						,{"x" : "8","y" : "8","w" : "2","d" : "4","r" : "1","c" : "Yellow"}
						,{"x" : "5","y" : "10","w" : "2","d" : "4","r" : "1","c" : "Yellow"}
						,{"x" : "9","y" : "10","w" : "1","d" : "2","r" : "1","c" : "Yellow"}
					]	
					,[	
						{"x" : "6","y" : "5","w" : "1","d" : "4","r" : "1","c" : "Blue"}
						,{"x" : "5","y" : "6","w" : "2","d" : "2","r" : "0","c" : "Blue"}
						,{"x" : "7","y" : "6","w" : "1","d" : "2","r" : "1","c" : "Blue"}
						,{"x" : "9","y" : "6","w" : "2","d" : "2","r" : "0","c" : "Blue"}
						,{"x" : "7","y" : "7","w" : "2","d" : "2","r" : "0","c" : "Yellow"}
						,{"x" : "5","y" : "8","w" : "2","d" : "2","r" : "0","c" : "Yellow"}
						,{"x" : "9","y" : "8","w" : "2","d" : "2","r" : "0","c" : "Yellow"}
						,{"x" : "7","y" : "9","w" : "2","d" : "2","r" : "0","c" : "Yellow"}
						,{"x" : "6","y" : "10","w" : "1","d" : "1","r" : "0","c" : "Yellow"}
						,{"x" : "9","y" : "10","w" : "1","d" : "1","r" : "0","c" : "Yellow"}
					]	
					,[	
						{"x" : "6","y" : "6","w" : "2","d" : "4","r" : "0","c" : "Blue"}
						,{"x" : "8","y" : "6","w" : "2","d" : "4","r" : "0","c" : "Blue"}
						,{"x" : "5","y" : "7","w" : "1","d" : "2","r" : "0","c" : "Blue"}
						,{"x" : "10","y" : "7","w" : "1","d" : "2","r" : "0","c" : "Blue"}
					]	
					,[	
						{"x" : "6","y" : "7","w" : "2","d" : "4","r" : "1","c" : "Blue"}
					]	
				]
			}
		]
	}
}
