{
	"Chara" : {
		"Name" : "くすり屋の良佳さん",
		"DisplayName" : "くすり屋の良佳さん",
		"Twitter" : "ryouka_ph",
		"Copyright" : "©ハヤシ薬局",
		"Plate" : ["14", "14", "Black"],
		"Block" : [
			{
				"Name" : "全身",
				"BottomPos" : "1",
				"Layer" : [
					[	
						{"x" : "6","y" : "6","w" : "2","d" : "2","r" : "0","c" : "Orange"}
						,{"x" : "8","y" : "7","w" : "2","d" : "2","r" : "0","c" : "Orange"}
						,{"x" : "6","y" : "8","w" : "1","d" : "1","r" : "0","c" : "Black"}
						,{"x" : "7","y" : "8","w" : "1","d" : "1","r" : "0","c" : "Orange"}
						,{"x" : "8","y" : "9","w" : "1","d" : "1","r" : "0","c" : "Orange"}
						,{"x" : "9","y" : "9","w" : "1","d" : "1","r" : "0","c" : "Black"}
					]	
					,[	
						{"x" : "5","y" : "1","w" : "1","d" : "1","r" : "0","c" : "Black"}
						,{"x" : "6","y" : "6","w" : "2","d" : "2","r" : "0","c" : "Black"}
						,{"x" : "8","y" : "7","w" : "2","d" : "2","r" : "0","c" : "Black"}
					]	
					,[	
						{"x" : "5","y" : "1","w" : "1","d" : "2","r" : "0","c" : "Black"}
						,{"x" : "6","y" : "6","w" : "2","d" : "2","r" : "0","c" : "Black"}
						,{"x" : "8","y" : "7","w" : "2","d" : "2","r" : "0","c" : "Black"}
					]	
					,[	
						{"x" : "4","y" : "1","w" : "2","d" : "2","r" : "0","c" : "Black"}
						,{"x" : "2","y" : "3","w" : "1","d" : "1","r" : "0","c" : "Black"}
						,{"x" : "6","y" : "6","w" : "2","d" : "2","r" : "0","c" : "Black"}
						,{"x" : "8","y" : "7","w" : "2","d" : "2","r" : "0","c" : "Black"}
					]	
					,[	
						{"x" : "4","y" : "1","w" : "1","d" : "2","r" : "0","c" : "Black"}
						,{"x" : "2","y" : "2","w" : "1","d" : "2","r" : "0","c" : "Black"}
						,{"x" : "6","y" : "7","w" : "2","d" : "2","r" : "0","c" : "Black"}
						,{"x" : "8","y" : "7","w" : "2","d" : "2","r" : "0","c" : "Black"}
						,{"x" : "12","y" : "7","w" : "1","d" : "4","r" : "1","c" : "White"}
						,{"x" : "12","y" : "8","w" : "2","d" : "4","r" : "1","c" : "White"}
					]	
					,[	
						{"x" : "4","y" : "1","w" : "1","d" : "2","r" : "0","c" : "Black"}
						,{"x" : "2","y" : "2","w" : "2","d" : "2","r" : "0","c" : "Black"}
						,{"x" : "6","y" : "7","w" : "2","d" : "2","r" : "0","c" : "Flesh"}
						,{"x" : "8","y" : "7","w" : "2","d" : "2","r" : "0","c" : "Flesh"}
						,{"x" : "12","y" : "7","w" : "1","d" : "3","r" : "0","c" : "White"}
						,{"x" : "13","y" : "7","w" : "2","d" : "2","r" : "0","c" : "White"}
						,{"x" : "15","y" : "7","w" : "1","d" : "3","r" : "0","c" : "White"}
						,{"x" : "13","y" : "9","w" : "1","d" : "2","r" : "1","c" : "Green"}
					]	
					,[	
						{"x" : "4","y" : "1","w" : "1","d" : "1","r" : "0","c" : "Black"}
						,{"x" : "3","y" : "2","w" : "2","d" : "4","r" : "1","c" : "Black"}
						,{"x" : "4","y" : "4","w" : "1","d" : "2","r" : "1","c" : "Orange"}
						,{"x" : "10","y" : "4","w" : "1","d" : "2","r" : "1","c" : "Orange"}
						,{"x" : "6","y" : "5","w" : "1","d" : "4","r" : "1","c" : "Black"}
						,{"x" : "5","y" : "6","w" : "1","d" : "4","r" : "0","c" : "Black"}
						,{"x" : "10","y" : "6","w" : "1","d" : "4","r" : "0","c" : "Black"}
						,{"x" : "6","y" : "7","w" : "1","d" : "2","r" : "0","c" : "Flesh"}
						,{"x" : "7","y" : "7","w" : "1","d" : "1","r" : "0","c" : "LightPurple"}
						,{"x" : "8","y" : "7","w" : "1","d" : "1","r" : "0","c" : "LightPurple"}
						,{"x" : "9","y" : "7","w" : "1","d" : "2","r" : "0","c" : "Flesh"}
						,{"x" : "7","y" : "8","w" : "1","d" : "2","r" : "1","c" : "LightPurple"}
						,{"x" : "6","y" : "10","w" : "1","d" : "2","r" : "1","c" : "White"}
						,{"x" : "8","y" : "10","w" : "1","d" : "2","r" : "1","c" : "White"}
						,{"x" : "12","y" : "7","w" : "1","d" : "4","r" : "1","c" : "White"}
						,{"x" : "12","y" : "8","w" : "2","d" : "4","r" : "1","c" : "White"}
					]	
					,[	
						{"x" : "4","y" : "1","w" : "2","d" : "2","r" : "0","c" : "Black"}
						,{"x" : "6","y" : "2","w" : "2","d" : "4","r" : "1","c" : "Black"}
						,{"x" : "5","y" : "4","w" : "2","d" : "2","r" : "0","c" : "Orange"}
						,{"x" : "9","y" : "4","w" : "2","d" : "2","r" : "0","c" : "Orange"}
						,{"x" : "7","y" : "5","w" : "2","d" : "2","r" : "0","c" : "Black"}
						,{"x" : "5","y" : "6","w" : "1","d" : "2","r" : "1","c" : "Black"}
						,{"x" : "9","y" : "6","w" : "1","d" : "2","r" : "1","c" : "Black"}
						,{"x" : "5","y" : "7","w" : "1","d" : "2","r" : "0","c" : "Black"}
						,{"x" : "6","y" : "7","w" : "2","d" : "4","r" : "1","c" : "LightPurple"}
						,{"x" : "10","y" : "7","w" : "1","d" : "2","r" : "0","c" : "Black"}
						,{"x" : "13","y" : "8","w" : "1","d" : "2","r" : "1","c" : "Orange"}
						,{"x" : "5","y" : "9","w" : "1","d" : "2","r" : "1","c" : "Black"}
						,{"x" : "7","y" : "9","w" : "2","d" : "2","r" : "0","c" : "White"}
						,{"x" : "9","y" : "9","w" : "1","d" : "2","r" : "1","c" : "Black"}
					]	
					,[	
						{"x" : "4","y" : "1","w" : "2","d" : "2","r" : "0","c" : "Black"}
						,{"x" : "9","y" : "2","w" : "2","d" : "3","r" : "1","c" : "Black"}
						,{"x" : "6","y" : "5","w" : "1","d" : "1","r" : "0","c" : "Orange"}
						,{"x" : "9","y" : "5","w" : "1","d" : "1","r" : "0","c" : "Orange"}
						,{"x" : "6","y" : "6","w" : "2","d" : "4","r" : "1","c" : "Black"}
						,{"x" : "13","y" : "7","w" : "2","d" : "2","r" : "0","c" : "Flesh"}
						,{"x" : "6","y" : "8","w" : "1","d" : "2","r" : "0","c" : "Black"}
						,{"x" : "7","y" : "8","w" : "2","d" : "2","r" : "0","c" : "White"}
						,{"x" : "9","y" : "8","w" : "1","d" : "2","r" : "0","c" : "Black"}
					]	
					,[	
						{"x" : "5","y" : "2","w" : "2","d" : "2","r" : "0","c" : "Black"}
						,{"x" : "11","y" : "2","w" : "2","d" : "2","r" : "0","c" : "Black"}
						,{"x" : "5","y" : "5","w" : "1","d" : "2","r" : "1","c" : "Orange"}
						,{"x" : "7","y" : "5","w" : "2","d" : "2","r" : "0","c" : "Orange"}
						,{"x" : "9","y" : "5","w" : "1","d" : "2","r" : "1","c" : "Orange"}
						,{"x" : "6","y" : "6","w" : "1","d" : "1","r" : "0","c" : "Orange"}
						,{"x" : "9","y" : "6","w" : "1","d" : "1","r" : "0","c" : "Orange"}
						,{"x" : "6","y" : "7","w" : "2","d" : "4","r" : "1","c" : "Orange"}
						,{"x" : "12","y" : "7","w" : "2","d" : "2","r" : "0","c" : "Black"}
						,{"x" : "6","y" : "9","w" : "1","d" : "4","r" : "1","c" : "Orange"}
					]	
					,[	
						{"x" : "10","y" : "2","w" : "2","d" : "2","r" : "0","c" : "Black"}
						,{"x" : "5","y" : "3","w" : "2","d" : "2","r" : "0","c" : "Black"}
						,{"x" : "5","y" : "5","w" : "1","d" : "3","r" : "1","c" : "Orange"}
						,{"x" : "8","y" : "5","w" : "1","d" : "3","r" : "1","c" : "Orange"}
						,{"x" : "6","y" : "6","w" : "2","d" : "4","r" : "1","c" : "Black"}
						,{"x" : "11","y" : "7","w" : "2","d" : "2","r" : "0","c" : "Black"}
						,{"x" : "4","y" : "8","w" : "2","d" : "2","r" : "0","c" : "Black"}
						,{"x" : "6","y" : "8","w" : "1","d" : "2","r" : "0","c" : "Black"}
						,{"x" : "7","y" : "8","w" : "2","d" : "2","r" : "0","c" : "White"}
						,{"x" : "9","y" : "8","w" : "1","d" : "2","r" : "0","c" : "Black"}
					]	
					,[	
						{"x" : "8","y" : "3","w" : "2","d" : "3","r" : "1","c" : "Black"}
						,{"x" : "6","y" : "4","w" : "2","d" : "2","r" : "0","c" : "Black"}
						,{"x" : "6","y" : "6","w" : "1","d" : "4","r" : "1","c" : "Black"}
						,{"x" : "4","y" : "7","w" : "2","d" : "8","r" : "1","c" : "Flesh"}
						,{"x" : "4","y" : "9","w" : "2","d" : "2","r" : "0","c" : "Black"}
						,{"x" : "6","y" : "9","w" : "1","d" : "1","r" : "0","c" : "White"}
						,{"x" : "7","y" : "9","w" : "1","d" : "2","r" : "1","c" : "Flesh"}
						,{"x" : "9","y" : "9","w" : "1","d" : "1","r" : "0","c" : "White"}
					]	
					,[	
						{"x" : "7","y" : "4","w" : "2","d" : "3","r" : "0","c" : "Black"}
						,{"x" : "6","y" : "6","w" : "1","d" : "4","r" : "0","c" : "Black"}
						,{"x" : "9","y" : "6","w" : "1","d" : "4","r" : "0","c" : "Black"}
						,{"x" : "5","y" : "7","w" : "1","d" : "2","r" : "0","c" : "Flesh"}
						,{"x" : "7","y" : "7","w" : "2","d" : "2","r" : "0","c" : "Flesh"}
						,{"x" : "10","y" : "7","w" : "1","d" : "2","r" : "0","c" : "Flesh"}
						,{"x" : "7","y" : "9","w" : "2","d" : "2","r" : "0","c" : "Black"}
						,{"x" : "4","y" : "10","w" : "2","d" : "2","r" : "0","c" : "Flesh"}
					]	
					,[	
						{"x" : "7","y" : "7","w" : "2","d" : "2","r" : "0","c" : "Flesh"}
						,{"x" : "4","y" : "10","w" : "1","d" : "1","r" : "0","c" : "Beige"}
						,{"x" : "11","y" : "10","w" : "1","d" : "1","r" : "0","c" : "Beige"}
					]	
					,[	
						{"x" : "12","y" : "2","w" : "1","d" : "1","r" : "0","c" : "Beige"}
						,{"x" : "5","y" : "5","w" : "2","d" : "3","r" : "1","c" : "Beige"}
						,{"x" : "8","y" : "5","w" : "2","d" : "3","r" : "1","c" : "Beige"}
						,{"x" : "4","y" : "6","w" : "1","d" : "3","r" : "0","c" : "Beige"}
						,{"x" : "11","y" : "6","w" : "1","d" : "3","r" : "0","c" : "Beige"}
						,{"x" : "5","y" : "7","w" : "2","d" : "3","r" : "1","c" : "Flesh"}
						,{"x" : "8","y" : "7","w" : "2","d" : "3","r" : "1","c" : "Flesh"}
						,{"x" : "4","y" : "9","w" : "1","d" : "8","r" : "1","c" : "Flesh"}
						,{"x" : "4","y" : "10","w" : "1","d" : "1","r" : "0","c" : "Beige"}
						,{"x" : "5","y" : "10","w" : "1","d" : "1","r" : "0","c" : "Flesh"}
						,{"x" : "6","y" : "10","w" : "1","d" : "2","r" : "0","c" : "SilverGray"}
						,{"x" : "7","y" : "10","w" : "1","d" : "2","r" : "1","c" : "Flesh"}
						,{"x" : "9","y" : "10","w" : "1","d" : "2","r" : "0","c" : "SilverGray"}
						,{"x" : "10","y" : "10","w" : "1","d" : "1","r" : "0","c" : "Flesh"}
						,{"x" : "11","y" : "10","w" : "1","d" : "1","r" : "0","c" : "Beige"}
					]	
					,[	
						{"x" : "12","y" : "2","w" : "1","d" : "2","r" : "0","c" : "Beige"}
						,{"x" : "4","y" : "5","w" : "2","d" : "4","r" : "0","c" : "Beige"}
						,{"x" : "6","y" : "5","w" : "1","d" : "2","r" : "1","c" : "Beige"}
						,{"x" : "8","y" : "5","w" : "1","d" : "2","r" : "1","c" : "Beige"}
						,{"x" : "10","y" : "5","w" : "2","d" : "4","r" : "0","c" : "Beige"}
						,{"x" : "6","y" : "6","w" : "2","d" : "2","r" : "0","c" : "Beige"}
						,{"x" : "8","y" : "6","w" : "2","d" : "2","r" : "0","c" : "Beige"}
						,{"x" : "6","y" : "8","w" : "1","d" : "1","r" : "0","c" : "Flesh"}
						,{"x" : "7","y" : "8","w" : "2","d" : "2","r" : "0","c" : "Flesh"}
						,{"x" : "9","y" : "8","w" : "1","d" : "1","r" : "0","c" : "Flesh"}
						,{"x" : "4","y" : "9","w" : "1","d" : "1","r" : "0","c" : "Flesh"}
						,{"x" : "5","y" : "9","w" : "1","d" : "2","r" : "0","c" : "PastelPink"}
						,{"x" : "6","y" : "9","w" : "1","d" : "2","r" : "0","c" : "Orange"}
						,{"x" : "9","y" : "9","w" : "1","d" : "2","r" : "0","c" : "Orange"}
						,{"x" : "10","y" : "9","w" : "1","d" : "2","r" : "0","c" : "PastelPink"}
						,{"x" : "11","y" : "9","w" : "1","d" : "1","r" : "0","c" : "Flesh"}
						,{"x" : "4","y" : "10","w" : "1","d" : "1","r" : "0","c" : "Beige"}
						,{"x" : "7","y" : "10","w" : "2","d" : "2","r" : "0","c" : "SilverGray"}
						,{"x" : "11","y" : "10","w" : "1","d" : "1","r" : "0","c" : "Beige"}
						,{"x" : "5","y" : "11","w" : "1","d" : "2","r" : "1","c" : "Clear"}
						,{"x" : "9","y" : "11","w" : "1","d" : "2","r" : "1","c" : "Clear"}
					]	
					,[	
						{"x" : "11","y" : "2","w" : "2","d" : "2","r" : "0","c" : "Beige"}
						,{"x" : "4","y" : "5","w" : "2","d" : "4","r" : "1","c" : "Beige"}
						,{"x" : "8","y" : "5","w" : "2","d" : "4","r" : "1","c" : "Beige"}
						,{"x" : "4","y" : "7","w" : "1","d" : "4","r" : "0","c" : "Beige"}
						,{"x" : "5","y" : "7","w" : "2","d" : "2","r" : "0","c" : "Beige"}
						,{"x" : "7","y" : "7","w" : "2","d" : "4","r" : "0","c" : "Flesh"}
						,{"x" : "9","y" : "7","w" : "2","d" : "2","r" : "0","c" : "Beige"}
						,{"x" : "11","y" : "7","w" : "1","d" : "3","r" : "0","c" : "Beige"}
						,{"x" : "5","y" : "9","w" : "1","d" : "2","r" : "0","c" : "Flesh"}
						,{"x" : "6","y" : "9","w" : "1","d" : "2","r" : "0","c" : "KhakiGreen"}
						,{"x" : "9","y" : "9","w" : "1","d" : "2","r" : "0","c" : "KhakiGreen"}
						,{"x" : "10","y" : "9","w" : "1","d" : "2","r" : "0","c" : "Flesh"}
						,{"x" : "11","y" : "10","w" : "1","d" : "1","r" : "0","c" : "Black"}
						,{"x" : "5","y" : "11","w" : "1","d" : "1","r" : "0","c" : "Beige"}
						,{"x" : "7","y" : "11","w" : "1","d" : "1","r" : "0","c" : "Beige"}
						,{"x" : "10","y" : "11","w" : "1","d" : "1","r" : "0","c" : "Beige"}
					]	
					,[	
						{"x" : "9","y" : "2","w" : "2","d" : "3","r" : "1","c" : "Beige"}
						,{"x" : "5","y" : "5","w" : "1","d" : "3","r" : "1","c" : "Beige"}
						,{"x" : "8","y" : "5","w" : "1","d" : "3","r" : "1","c" : "Beige"}
						,{"x" : "4","y" : "6","w" : "2","d" : "4","r" : "0","c" : "Beige"}
						,{"x" : "6","y" : "6","w" : "2","d" : "4","r" : "1","c" : "Beige"}
						,{"x" : "10","y" : "6","w" : "2","d" : "3","r" : "0","c" : "Beige"}
						,{"x" : "6","y" : "8","w" : "2","d" : "4","r" : "1","c" : "Beige"}
						,{"x" : "10","y" : "9","w" : "1","d" : "1","r" : "0","c" : "Beige"}
						,{"x" : "11","y" : "9","w" : "1","d" : "3","r" : "0","c" : "Black"}
						,{"x" : "5","y" : "10","w" : "1","d" : "2","r" : "0","c" : "Beige"}
						,{"x" : "6","y" : "10","w" : "1","d" : "1","r" : "0","c" : "Beige"}
						,{"x" : "7","y" : "10","w" : "2","d" : "2","r" : "0","c" : "Beige"}
						,{"x" : "9","y" : "10","w" : "1","d" : "1","r" : "0","c" : "Beige"}
						,{"x" : "10","y" : "10","w" : "1","d" : "2","r" : "0","c" : "Beige"}
					]	
					,[	
						{"x" : "8","y" : "3","w" : "2","d" : "3","r" : "1","c" : "Beige"}
						,{"x" : "6","y" : "5","w" : "2","d" : "4","r" : "1","c" : "Beige"}
						,{"x" : "5","y" : "6","w" : "1","d" : "4","r" : "0","c" : "Beige"}
						,{"x" : "10","y" : "6","w" : "1","d" : "4","r" : "0","c" : "Beige"}
						,{"x" : "6","y" : "7","w" : "2","d" : "4","r" : "1","c" : "Beige"}
						,{"x" : "6","y" : "9","w" : "2","d" : "4","r" : "1","c" : "Beige"}
						,{"x" : "11","y" : "10","w" : "1","d" : "1","r" : "0","c" : "Black"}
					]	
					,[	
						{"x" : "7","y" : "4","w" : "2","d" : "2","r" : "0","c" : "Black"}
						,{"x" : "6","y" : "6","w" : "2","d" : "4","r" : "0","c" : "Beige"}
						,{"x" : "8","y" : "6","w" : "2","d" : "4","r" : "0","c" : "Beige"}
					]	
					,[	
						{"x" : "6","y" : "4","w" : "1","d" : "2","r" : "1","c" : "Black"}
						,{"x" : "8","y" : "4","w" : "1","d" : "2","r" : "1","c" : "Black"}
					]	
				]
			}
		]
	}
}
