{
	"Chara" : {
		"Name" : "京町セイカ",
		"DisplayName" : "京町セイカさん",
		"Twitter" : "kyomachi_seika",
		"Copyright" : "©精華町",
		"Plate" : ["14", "14", "Pink"],
		"Block" : [
			{
				"Name" : "顔",
				"BottomPos" : "12",
				"Layer" : [
					[	
						{"x" : "5","y" : "4","w" : "2","d" : "2","r" : "0","c" : "Black"}
						,{"x" : "7","y" : "4","w" : "2","d" : "2","r" : "0","c" : "Black"}
						,{"x" : "9","y" : "4","w" : "2","d" : "2","r" : "0","c" : "Black"}
						,{"x" : "3","y" : "5","w" : "2","d" : "3","r" : "0","c" : "Black"}
						,{"x" : "11","y" : "5","w" : "2","d" : "3","r" : "0","c" : "Black"}
						,{"x" : "7","y" : "7","w" : "2","d" : "2","r" : "0","c" : "Flesh"}
						,{"x" : "4","y" : "10","w" : "1","d" : "1","r" : "0","c" : "Black"}
						,{"x" : "11","y" : "10","w" : "1","d" : "1","r" : "0","c" : "Black"}
					]	
					,[	
						{"x" : "6","y" : "4","w" : "2","d" : "4","r" : "1","c" : "Black"}
						,{"x" : "4","y" : "5","w" : "1","d" : "2","r" : "1","c" : "Black"}
						,{"x" : "10","y" : "5","w" : "1","d" : "2","r" : "1","c" : "Black"}
						,{"x" : "4","y" : "6","w" : "1","d" : "2","r" : "0","c" : "Black"}
						,{"x" : "5","y" : "6","w" : "1","d" : "2","r" : "1","c" : "Black"}
						,{"x" : "7","y" : "6","w" : "2","d" : "4","r" : "0","c" : "Flesh"}
						,{"x" : "9","y" : "6","w" : "1","d" : "2","r" : "1","c" : "Black"}
						,{"x" : "11","y" : "6","w" : "1","d" : "2","r" : "0","c" : "Black"}
						,{"x" : "5","y" : "7","w" : "2","d" : "4","r" : "0","c" : "Flesh"}
						,{"x" : "9","y" : "7","w" : "2","d" : "4","r" : "0","c" : "Flesh"}
						,{"x" : "3","y" : "8","w" : "2","d" : "2","r" : "0","c" : "LightGreen"}
						,{"x" : "11","y" : "8","w" : "2","d" : "2","r" : "0","c" : "LightGreen"}
						,{"x" : "4","y" : "10","w" : "1","d" : "1","r" : "0","c" : "Black"}
						,{"x" : "7","y" : "10","w" : "1","d" : "2","r" : "1","c" : "Pink"}
						,{"x" : "11","y" : "10","w" : "1","d" : "2","r" : "0","c" : "SilverGray"}
					]	
					,[	
						{"x" : "7","y" : "4","w" : "1","d" : "2","r" : "1","c" : "Black"}
						,{"x" : "4","y" : "5","w" : "2","d" : "3","r" : "0","c" : "Black"}
						,{"x" : "6","y" : "5","w" : "2","d" : "4","r" : "1","c" : "Black"}
						,{"x" : "10","y" : "5","w" : "2","d" : "3","r" : "0","c" : "Black"}
						,{"x" : "6","y" : "7","w" : "1","d" : "2","r" : "1","c" : "Black"}
						,{"x" : "8","y" : "7","w" : "1","d" : "2","r" : "1","c" : "Black"}
						,{"x" : "3","y" : "8","w" : "2","d" : "3","r" : "1","c" : "LightGreen"}
						,{"x" : "6","y" : "8","w" : "1","d" : "4","r" : "1","c" : "Flesh"}
						,{"x" : "10","y" : "8","w" : "2","d" : "3","r" : "1","c" : "LightGreen"}
						,{"x" : "6","y" : "9","w" : "1","d" : "2","r" : "0","c" : "Green"}
						,{"x" : "7","y" : "9","w" : "2","d" : "2","r" : "0","c" : "Flesh"}
						,{"x" : "9","y" : "9","w" : "1","d" : "2","r" : "0","c" : "Green"}
						,{"x" : "4","y" : "10","w" : "1","d" : "1","r" : "0","c" : "Black"}
						,{"x" : "5","y" : "10","w" : "1","d" : "1","r" : "0","c" : "PastelPink"}
						,{"x" : "10","y" : "10","w" : "1","d" : "1","r" : "0","c" : "PastelPink"}
						,{"x" : "11","y" : "10","w" : "1","d" : "1","r" : "0","c" : "Black"}
					]	
					,[	
						{"x" : "4","y" : "5","w" : "2","d" : "4","r" : "1","c" : "Black"}
						,{"x" : "8","y" : "5","w" : "2","d" : "4","r" : "1","c" : "Black"}
						,{"x" : "4","y" : "7","w" : "1","d" : "3","r" : "1","c" : "Black"}
						,{"x" : "7","y" : "7","w" : "2","d" : "4","r" : "0","c" : "Flesh"}
						,{"x" : "9","y" : "7","w" : "1","d" : "3","r" : "1","c" : "Black"}
						,{"x" : "12","y" : "7","w" : "1","d" : "2","r" : "0","c" : "Green"}
						,{"x" : "4","y" : "8","w" : "1","d" : "3","r" : "1","c" : "Yellow"}
						,{"x" : "9","y" : "8","w" : "1","d" : "3","r" : "1","c" : "Yellow"}
						,{"x" : "4","y" : "9","w" : "1","d" : "2","r" : "0","c" : "Black"}
						,{"x" : "5","y" : "9","w" : "1","d" : "2","r" : "0","c" : "Flesh"}
						,{"x" : "6","y" : "9","w" : "1","d" : "2","r" : "0","c" : "NavyBlue"}
						,{"x" : "9","y" : "9","w" : "1","d" : "2","r" : "0","c" : "NavyBlue"}
						,{"x" : "10","y" : "9","w" : "1","d" : "2","r" : "0","c" : "Flesh"}
						,{"x" : "11","y" : "9","w" : "1","d" : "2","r" : "0","c" : "Black"}
					]	
					,[	
						{"x" : "5","y" : "5","w" : "1","d" : "1","r" : "0","c" : "Black"}
						,{"x" : "6","y" : "5","w" : "2","d" : "4","r" : "0","c" : "Black"}
						,{"x" : "8","y" : "5","w" : "2","d" : "4","r" : "0","c" : "Black"}
						,{"x" : "10","y" : "5","w" : "1","d" : "1","r" : "0","c" : "Black"}
						,{"x" : "4","y" : "6","w" : "2","d" : "2","r" : "0","c" : "Black"}
						,{"x" : "10","y" : "6","w" : "2","d" : "2","r" : "0","c" : "Black"}
						,{"x" : "12","y" : "6","w" : "1","d" : "2","r" : "0","c" : "Green"}
						,{"x" : "3","y" : "8","w" : "1","d" : "2","r" : "1","c" : "White"}
						,{"x" : "5","y" : "8","w" : "1","d" : "4","r" : "0","c" : "Black"}
						,{"x" : "10","y" : "8","w" : "1","d" : "4","r" : "0","c" : "Black"}
						,{"x" : "11","y" : "8","w" : "1","d" : "2","r" : "1","c" : "White"}
						,{"x" : "6","y" : "9","w" : "1","d" : "2","r" : "1","c" : "Black"}
						,{"x" : "8","y" : "9","w" : "1","d" : "2","r" : "1","c" : "Black"}
						,{"x" : "6","y" : "10","w" : "1","d" : "2","r" : "0","c" : "Black"}
						,{"x" : "7","y" : "10","w" : "1","d" : "1","r" : "0","c" : "Flesh"}
						,{"x" : "8","y" : "10","w" : "1","d" : "2","r" : "0","c" : "Black"}
						,{"x" : "9","y" : "10","w" : "1","d" : "2","r" : "0","c" : "Black"}
					]	
					,[	
						{"x" : "6","y" : "5","w" : "2","d" : "4","r" : "1","c" : "Black"}
						,{"x" : "5","y" : "6","w" : "1","d" : "1","r" : "0","c" : "Black"}
						,{"x" : "10","y" : "6","w" : "1","d" : "1","r" : "0","c" : "Black"}
						,{"x" : "5","y" : "7","w" : "2","d" : "2","r" : "0","c" : "Black"}
						,{"x" : "7","y" : "7","w" : "2","d" : "2","r" : "0","c" : "Black"}
						,{"x" : "9","y" : "7","w" : "2","d" : "2","r" : "0","c" : "Black"}
						,{"x" : "4","y" : "8","w" : "1","d" : "1","r" : "0","c" : "White"}
						,{"x" : "11","y" : "8","w" : "1","d" : "1","r" : "0","c" : "White"}
						,{"x" : "5","y" : "9","w" : "1","d" : "1","r" : "0","c" : "Black"}
						,{"x" : "6","y" : "9","w" : "2","d" : "4","r" : "1","c" : "Black"}
						,{"x" : "10","y" : "9","w" : "1","d" : "1","r" : "0","c" : "Black"}
					]	
					,[	
						{"x" : "6","y" : "6","w" : "2","d" : "4","r" : "0","c" : "Black"}
						,{"x" : "8","y" : "6","w" : "2","d" : "4","r" : "0","c" : "Black"}
						,{"x" : "4","y" : "8","w" : "1","d" : "2","r" : "1","c" : "Yellow"}
						,{"x" : "10","y" : "8","w" : "1","d" : "2","r" : "1","c" : "Yellow"}
					]	
					,[	
						{"x" : "5","y" : "8","w" : "1","d" : "6","r" : "1","c" : "Yellow"}
					]	
				]
			},
			{
				"Name" : "身体",
				"BottomPos" : "1",
				"Layer" : [
					[	
						{"x" : "8","y" : "7","w" : "2","d" : "2","r" : "0","c" : "LightGreen"}
						,{"x" : "8","y" : "9","w" : "1","d" : "2","r" : "1","c" : "Yellow"}
					]	
					,[	
						{"x" : "6","y" : "7","w" : "1","d" : "2","r" : "1","c" : "LightGreen"}
						,{"x" : "8","y" : "7","w" : "2","d" : "2","r" : "0","c" : "LightGreen"}
						,{"x" : "6","y" : "8","w" : "1","d" : "2","r" : "1","c" : "Yellow"}
					]	
					,[	
						{"x" : "6","y" : "7","w" : "2","d" : "3","r" : "0","c" : "LightGreen"}
						,{"x" : "8","y" : "7","w" : "2","d" : "2","r" : "0","c" : "Green"}
					]	
					,[	
						{"x" : "8","y" : "7","w" : "2","d" : "2","r" : "0","c" : "Green"}
						,{"x" : "6","y" : "9","w" : "2","d" : "2","r" : "0","c" : "Green"}
					]	
					,[	
						{"x" : "8","y" : "7","w" : "2","d" : "2","r" : "0","c" : "Flesh"}
						,{"x" : "6","y" : "8","w" : "2","d" : "2","r" : "0","c" : "Flesh"}
					]	
					,[	
						{"x" : "7","y" : "7","w" : "1","d" : "1","r" : "0","c" : "White"}
						,{"x" : "8","y" : "7","w" : "1","d" : "1","r" : "0","c" : "White"}
						,{"x" : "9","y" : "7","w" : "1","d" : "2","r" : "0","c" : "Flesh"}
						,{"x" : "6","y" : "8","w" : "1","d" : "2","r" : "0","c" : "Flesh"}
						,{"x" : "7","y" : "8","w" : "1","d" : "2","r" : "1","c" : "White"}
					]	
					,[	
						{"x" : "1","y" : "7","w" : "2","d" : "2","r" : "0","c" : "Flesh"}
						,{"x" : "6","y" : "7","w" : "2","d" : "4","r" : "1","c" : "White"}
					]	
					,[	
						{"x" : "6","y" : "6","w" : "2","d" : "2","r" : "0","c" : "LightGreen"}
						,{"x" : "8","y" : "6","w" : "2","d" : "2","r" : "0","c" : "LightGreen"}
						,{"x" : "2","y" : "7","w" : "2","d" : "2","r" : "0","c" : "LightGreen"}
						,{"x" : "6","y" : "8","w" : "1","d" : "2","r" : "0","c" : "LightGreen"}
						,{"x" : "7","y" : "8","w" : "2","d" : "2","r" : "0","c" : "LightGreen"}
						,{"x" : "9","y" : "8","w" : "1","d" : "2","r" : "0","c" : "LightGreen"}
					]	
					,[	
						{"x" : "6","y" : "6","w" : "2","d" : "4","r" : "0","c" : "LightGreen"}
						,{"x" : "8","y" : "6","w" : "2","d" : "4","r" : "0","c" : "LightGreen"}
						,{"x" : "3","y" : "7","w" : "2","d" : "2","r" : "0","c" : "LightGreen"}
						,{"x" : "11","y" : "8","w" : "2","d" : "2","r" : "0","c" : "LightGreen"}
					]	
					,[	
						{"x" : "6","y" : "6","w" : "1","d" : "2","r" : "1","c" : "LightGreen"}
						,{"x" : "8","y" : "6","w" : "1","d" : "2","r" : "1","c" : "LightGreen"}
						,{"x" : "4","y" : "7","w" : "2","d" : "8","r" : "1","c" : "Flesh"}
						,{"x" : "6","y" : "9","w" : "1","d" : "2","r" : "0","c" : "LightGreen"}
						,{"x" : "7","y" : "9","w" : "2","d" : "2","r" : "0","c" : "Red"}
						,{"x" : "9","y" : "9","w" : "1","d" : "2","r" : "0","c" : "LightGreen"}
						,{"x" : "12","y" : "9","w" : "2","d" : "2","r" : "0","c" : "LightGreen"}
					]	
					,[	
						{"x" : "6","y" : "6","w" : "1","d" : "4","r" : "0","c" : "LightGreen"}
						,{"x" : "7","y" : "6","w" : "2","d" : "2","r" : "0","c" : "LightGreen"}
						,{"x" : "9","y" : "6","w" : "1","d" : "4","r" : "0","c" : "LightGreen"}
						,{"x" : "5","y" : "7","w" : "1","d" : "2","r" : "0","c" : "Flesh"}
						,{"x" : "10","y" : "7","w" : "1","d" : "2","r" : "0","c" : "Flesh"}
						,{"x" : "7","y" : "8","w" : "2","d" : "2","r" : "0","c" : "White"}
						,{"x" : "11","y" : "10","w" : "2","d" : "2","r" : "0","c" : "Flesh"}
					]
				]
			},
			{
				"Name" : "スカート",
				"BottomPos" : "6",
				"Layer" : [
					[	
						{"x" : "6","y" : "5","w" : "1","d" : "2","r" : "1","c" : "LightGreen"}
						,{"x" : "8","y" : "5","w" : "1","d" : "2","r" : "1","c" : "LightGreen"}
						,{"x" : "5","y" : "6","w" : "1","d" : "4","r" : "0","c" : "LightGreen"}
						,{"x" : "10","y" : "6","w" : "1","d" : "4","r" : "0","c" : "LightGreen"}
						,{"x" : "6","y" : "10","w" : "1","d" : "2","r" : "1","c" : "LightGreen"}
						,{"x" : "8","y" : "10","w" : "1","d" : "2","r" : "1","c" : "LightGreen"}
					]	
					,[	
						{"x" : "7","y" : "5","w" : "1","d" : "2","r" : "0","c" : "LightGreen"}
						,{"x" : "8","y" : "5","w" : "1","d" : "2","r" : "0","c" : "LightGreen"}
						,{"x" : "5","y" : "6","w" : "1","d" : "2","r" : "1","c" : "LightGreen"}
						,{"x" : "9","y" : "6","w" : "1","d" : "2","r" : "1","c" : "LightGreen"}
						,{"x" : "5","y" : "7","w" : "1","d" : "2","r" : "0","c" : "Green"}
						,{"x" : "10","y" : "7","w" : "1","d" : "2","r" : "0","c" : "Green"}
						,{"x" : "5","y" : "9","w" : "1","d" : "2","r" : "1","c" : "LightGreen"}
						,{"x" : "7","y" : "9","w" : "1","d" : "2","r" : "0","c" : "LightGreen"}
						,{"x" : "8","y" : "9","w" : "1","d" : "2","r" : "0","c" : "LightGreen"}
						,{"x" : "9","y" : "9","w" : "1","d" : "2","r" : "1","c" : "LightGreen"}
					]	
				]
			}
			,{
				"Name" : "杖",
				"BottomPos" : "4",
				"Layer" : [
					[	
						{"x" : "1","y" : "8","w" : "1","d" : "1","r" : "0","c" : "Yellow"}
					]	
					,[	
						{"x" : "1","y" : "8","w" : "1","d" : "1","r" : "0","c" : "Yellow"}
					]	
					,[	
						{"x" : "1","y" : "8","w" : "1","d" : "1","r" : "0","c" : "Yellow"}
					]	
					,[	
					]	
					,[	
						{"x" : "1","y" : "8","w" : "1","d" : "1","r" : "0","c" : "Yellow"}
					]	
					,[	
						{"x" : "1","y" : "8","w" : "1","d" : "1","r" : "0","c" : "Yellow"}
					]	
					,[	
						{"x" : "1","y" : "8","w" : "1","d" : "1","r" : "0","c" : "Yellow"}
					]	
					,[	
						{"x" : "1","y" : "7","w" : "1","d" : "3","r" : "0","c" : "Yellow"}
						,{"x" : "0","y" : "8","w" : "1","d" : "1","r" : "0","c" : "Yellow"}
						,{"x" : "2","y" : "8","w" : "1","d" : "1","r" : "0","c" : "Yellow"}
					]
					,[
						{"x" : "0","y" : "7","w" : "1","d" : "3","r" : "1","c" : "Yellow"}
						,{"x" : "0","y" : "8","w" : "2","d" : "3","r" : "1","c" : "Yellow"}
					]
				]
			}
		]
	}
}
