{
	"Chara" : {
		"Name" : "松本イズミ",
		"DisplayName" : "松本イズミちゃん",
		"Twitter" : "matumoto_izumi",
		"Copyright" : "©IZUMI Product Company",
		"Plate" : ["14", "14", "ClearBlue"],
		"Block" : [
			{
				"Name" : "顔",
				"BottomPos" : "15",
				"Layer" : [
					[	
						{"x" : "5","y" : "4","w" : "2","d" : "3","r" : "1","c" : "Pink"}
						,{"x" : "8","y" : "4","w" : "2","d" : "3","r" : "1","c" : "Pink"}
						,{"x" : "4","y" : "5","w" : "1","d" : "2","r" : "0","c" : "Pink"}
						,{"x" : "11","y" : "5","w" : "1","d" : "2","r" : "0","c" : "Pink"}
						,{"x" : "7","y" : "7","w" : "2","d" : "2","r" : "0","c" : "Black"}
						,{"x" : "4","y" : "10","w" : "1","d" : "1","r" : "0","c" : "Pink"}
						,{"x" : "11","y" : "10","w" : "1","d" : "1","r" : "0","c" : "Pink"}
					]	
					,[	
						{"x" : "4","y" : "4","w" : "2","d" : "4","r" : "1","c" : "Pink"}
						,{"x" : "8","y" : "4","w" : "2","d" : "4","r" : "1","c" : "Pink"}
						,{"x" : "4","y" : "6","w" : "1","d" : "2","r" : "0","c" : "Pink"}
						,{"x" : "5","y" : "6","w" : "2","d" : "6","r" : "1","c" : "Flesh"}
						,{"x" : "11","y" : "6","w" : "1","d" : "2","r" : "0","c" : "Pink"}
						,{"x" : "4","y" : "8","w" : "1","d" : "8","r" : "1","c" : "Flesh"}
						,{"x" : "4","y" : "9","w" : "1","d" : "2","r" : "0","c" : "Pink"}
						,{"x" : "5","y" : "9","w" : "1","d" : "2","r" : "1","c" : "Flesh"}
						,{"x" : "7","y" : "9","w" : "1","d" : "2","r" : "1","c" : "Pink"}
						,{"x" : "9","y" : "9","w" : "1","d" : "2","r" : "1","c" : "Flesh"}
						,{"x" : "11","y" : "9","w" : "1","d" : "2","r" : "0","c" : "Pink"}
					]	
					,[	
						{"x" : "4","y" : "4","w" : "2","d" : "4","r" : "0","c" : "Pink"}
						,{"x" : "6","y" : "4","w" : "2","d" : "4","r" : "1","c" : "Pink"}
						,{"x" : "10","y" : "4","w" : "2","d" : "4","r" : "0","c" : "Pink"}
						,{"x" : "6","y" : "6","w" : "1","d" : "2","r" : "0","c" : "Pink"}
						,{"x" : "7","y" : "6","w" : "2","d" : "4","r" : "0","c" : "Flesh"}
						,{"x" : "9","y" : "6","w" : "1","d" : "2","r" : "0","c" : "Pink"}
						,{"x" : "4","y" : "8","w" : "1","d" : "1","r" : "0","c" : "Flesh"}
						,{"x" : "5","y" : "8","w" : "1","d" : "2","r" : "0","c" : "PastelPink"}
						,{"x" : "6","y" : "8","w" : "1","d" : "2","r" : "0","c" : "LightBlue"}
						,{"x" : "9","y" : "8","w" : "1","d" : "2","r" : "0","c" : "LightBlue"}
						,{"x" : "10","y" : "8","w" : "1","d" : "2","r" : "0","c" : "PastelPink"}
						,{"x" : "11","y" : "8","w" : "1","d" : "1","r" : "0","c" : "Flesh"}
						,{"x" : "4","y" : "9","w" : "1","d" : "2","r" : "0","c" : "Pink"}
						,{"x" : "11","y" : "9","w" : "1","d" : "2","r" : "0","c" : "Pink"}
					]	
					,[	
						{"x" : "4","y" : "4","w" : "2","d" : "4","r" : "1","c" : "Pink"}
						,{"x" : "8","y" : "4","w" : "2","d" : "4","r" : "1","c" : "Pink"}
						,{"x" : "4","y" : "6","w" : "1","d" : "4","r" : "0","c" : "Pink"}
						,{"x" : "5","y" : "6","w" : "2","d" : "3","r" : "1","c" : "Pink"}
						,{"x" : "8","y" : "6","w" : "2","d" : "3","r" : "1","c" : "Pink"}
						,{"x" : "11","y" : "6","w" : "1","d" : "4","r" : "0","c" : "Pink"}
						,{"x" : "5","y" : "8","w" : "1","d" : "2","r" : "0","c" : "Flesh"}
						,{"x" : "6","y" : "8","w" : "1","d" : "2","r" : "0","c" : "Blue"}
						,{"x" : "7","y" : "8","w" : "2","d" : "2","r" : "0","c" : "Flesh"}
						,{"x" : "9","y" : "8","w" : "1","d" : "2","r" : "0","c" : "Blue"}
						,{"x" : "10","y" : "8","w" : "1","d" : "2","r" : "0","c" : "Flesh"}
					]	
					,[	
						{"x" : "5","y" : "4","w" : "1","d" : "1","r" : "0","c" : "Pink"}
						,{"x" : "6","y" : "4","w" : "2","d" : "4","r" : "0","c" : "Pink"}
						,{"x" : "8","y" : "4","w" : "2","d" : "4","r" : "0","c" : "Pink"}
						,{"x" : "10","y" : "4","w" : "1","d" : "1","r" : "0","c" : "Pink"}
						,{"x" : "4","y" : "5","w" : "1","d" : "2","r" : "1","c" : "Pink"}
						,{"x" : "10","y" : "5","w" : "1","d" : "2","r" : "1","c" : "Pink"}
						,{"x" : "4","y" : "6","w" : "2","d" : "2","r" : "0","c" : "Black"}
						,{"x" : "10","y" : "6","w" : "2","d" : "2","r" : "0","c" : "Black"}
						,{"x" : "4","y" : "8","w" : "2","d" : "2","r" : "0","c" : "Pink"}
						,{"x" : "6","y" : "8","w" : "1","d" : "2","r" : "1","c" : "Pink"}
						,{"x" : "8","y" : "8","w" : "1","d" : "2","r" : "1","c" : "Pink"}
						,{"x" : "10","y" : "8","w" : "1","d" : "2","r" : "1","c" : "SilverGray"}
						,{"x" : "6","y" : "9","w" : "1","d" : "2","r" : "0","c" : "Pink"}
						,{"x" : "7","y" : "9","w" : "1","d" : "2","r" : "0","c" : "Pink"}
						,{"x" : "8","y" : "9","w" : "1","d" : "2","r" : "0","c" : "Pink"}
						,{"x" : "9","y" : "9","w" : "1","d" : "2","r" : "0","c" : "Pink"}
						,{"x" : "10","y" : "9","w" : "1","d" : "2","r" : "1","c" : "Pink"}
					]	
					,[	
						{"x" : "6","y" : "4","w" : "1","d" : "2","r" : "1","c" : "Pink"}
						,{"x" : "8","y" : "4","w" : "1","d" : "2","r" : "1","c" : "Pink"}
						,{"x" : "4","y" : "5","w" : "2","d" : "2","r" : "0","c" : "Black"}
						,{"x" : "6","y" : "5","w" : "2","d" : "4","r" : "1","c" : "Pink"}
						,{"x" : "10","y" : "5","w" : "2","d" : "2","r" : "0","c" : "Black"}
						,{"x" : "5","y" : "7","w" : "1","d" : "2","r" : "1","c" : "Black"}
						,{"x" : "7","y" : "7","w" : "1","d" : "2","r" : "1","c" : "Pink"}
						,{"x" : "9","y" : "7","w" : "1","d" : "2","r" : "1","c" : "Black"}
						,{"x" : "5","y" : "8","w" : "1","d" : "1","r" : "0","c" : "Pink"}
						,{"x" : "6","y" : "8","w" : "2","d" : "2","r" : "0","c" : "Pink"}
						,{"x" : "8","y" : "8","w" : "2","d" : "2","r" : "0","c" : "Pink"}
						,{"x" : "10","y" : "8","w" : "1","d" : "1","r" : "0","c" : "Pink"}
					]	
					,[	
						{"x" : "4","y" : "4","w" : "2","d" : "2","r" : "0","c" : "Black"}
						,{"x" : "10","y" : "4","w" : "2","d" : "2","r" : "0","c" : "Black"}
						,{"x" : "6","y" : "5","w" : "2","d" : "2","r" : "0","c" : "Pink"}
						,{"x" : "8","y" : "5","w" : "2","d" : "2","r" : "0","c" : "Pink"}
						,{"x" : "6","y" : "7","w" : "1","d" : "2","r" : "1","c" : "Black"}
						,{"x" : "8","y" : "7","w" : "1","d" : "2","r" : "1","c" : "Black"}
						,{"x" : "6","y" : "8","w" : "1","d" : "2","r" : "1","c" : "Pink"}
						,{"x" : "8","y" : "8","w" : "1","d" : "2","r" : "1","c" : "Pink"}
					]	
					,[	
						{"x" : "4","y" : "3","w" : "1","d" : "2","r" : "0","c" : "Black"}
						,{"x" : "11","y" : "3","w" : "1","d" : "2","r" : "0","c" : "Black"}
					]	
				]
			},
			{
				"Name" : "身体",
				"BottomPos" : "1",
				"Layer" : [
					[	
						{"x" : "5","y" : "5","w" : "2","d" : "3","r" : "0","c" : "Black"}
						,{"x" : "8","y" : "7","w" : "2","d" : "3","r" : "0","c" : "Black"}
					]	
					,[	
						{"x" : "5","y" : "5","w" : "2","d" : "2","r" : "0","c" : "White"}
						,{"x" : "8","y" : "7","w" : "2","d" : "2","r" : "0","c" : "White"}
					]	
					,[	
						{"x" : "5","y" : "5","w" : "2","d" : "2","r" : "0","c" : "White"}
						,{"x" : "8","y" : "7","w" : "2","d" : "2","r" : "0","c" : "White"}
					]	
					,[	
						{"x" : "5","y" : "5","w" : "2","d" : "2","r" : "0","c" : "White"}
						,{"x" : "8","y" : "7","w" : "2","d" : "2","r" : "0","c" : "White"}
					]	
					,[	
						{"x" : "6","y" : "6","w" : "1","d" : "2","r" : "0","c" : "White"}
						,{"x" : "7","y" : "6","w" : "1","d" : "2","r" : "0","c" : "Black"}
						,{"x" : "8","y" : "7","w" : "1","d" : "2","r" : "0","c" : "Black"}
						,{"x" : "9","y" : "7","w" : "1","d" : "2","r" : "0","c" : "White"}
					]	
					,[	
						{"x" : "6","y" : "6","w" : "2","d" : "2","r" : "0","c" : "Flesh"}
						,{"x" : "8","y" : "7","w" : "2","d" : "2","r" : "0","c" : "Flesh"}
					]	
					,[	
						{"x" : "6","y" : "6","w" : "2","d" : "2","r" : "0","c" : "Flesh"}
						,{"x" : "8","y" : "7","w" : "2","d" : "2","r" : "0","c" : "Flesh"}
					]	
					,[	
						{"x" : "7","y" : "5","w" : "1","d" : "1","r" : "0","c" : "Black"}
						,{"x" : "8","y" : "5","w" : "1","d" : "1","r" : "0","c" : "Black"}
						,{"x" : "6","y" : "7","w" : "1","d" : "1","r" : "0","c" : "Flesh"}
						,{"x" : "7","y" : "7","w" : "1","d" : "1","r" : "0","c" : "PastelPink"}
						,{"x" : "8","y" : "7","w" : "1","d" : "1","r" : "0","c" : "PastelPink"}
						,{"x" : "7","y" : "8","w" : "1","d" : "2","r" : "1","c" : "PastelPink"}
						,{"x" : "9","y" : "7","w" : "1","d" : "2","r" : "0","c" : "Flesh"}
						,{"x" : "6","y" : "9","w" : "1","d" : "2","r" : "0","c" : "Black"}
						,{"x" : "9","y" : "9","w" : "1","d" : "2","r" : "0","c" : "Black"}
					]	
					,[	
						{"x" : "7","y" : "5","w" : "2","d" : "2","r" : "0","c" : "Black"}
						,{"x" : "6","y" : "7","w" : "2","d" : "4","r" : "1","c" : "PastelPink"}
						,{"x" : "5","y" : "9","w" : "1","d" : "2","r" : "1","c" : "Black"}
						,{"x" : "9","y" : "9","w" : "1","d" : "2","r" : "1","c" : "Black"}
					]	
					,[	
						{"x" : "6","y" : "6","w" : "2","d" : "4","r" : "1","c" : "Black"}
						,{"x" : "5","y" : "7","w" : "1","d" : "2","r" : "0","c" : "Black"}
						,{"x" : "10","y" : "7","w" : "1","d" : "2","r" : "0","c" : "Black"}
						,{"x" : "6","y" : "8","w" : "1","d" : "2","r" : "0","c" : "Black"}
						,{"x" : "7","y" : "8","w" : "2","d" : "2","r" : "0","c" : "White"}
						,{"x" : "9","y" : "8","w" : "1","d" : "2","r" : "0","c" : "Black"}
						,{"x" : "11","y" : "8","w" : "2","d" : "2","r" : "0","c" : "Flesh"}
					]	
					,[	
						{"x" : "7","y" : "6","w" : "1","d" : "2","r" : "1","c" : "Black"}
						,{"x" : "6","y" : "7","w" : "2","d" : "4","r" : "1","c" : "Black"}
						,{"x" : "10","y" : "7","w" : "2","d" : "2","r" : "0","c" : "LightGreen"}
						,{"x" : "7","y" : "9","w" : "1","d" : "2","r" : "1","c" : "Black"}
					]	
					,[	
						{"x" : "6","y" : "6","w" : "1","d" : "2","r" : "0","c" : "Black"}
						,{"x" : "7","y" : "6","w" : "2","d" : "2","r" : "0","c" : "White"}
						,{"x" : "9","y" : "6","w" : "1","d" : "2","r" : "0","c" : "Black"}
						,{"x" : "10","y" : "7","w" : "2","d" : "2","r" : "0","c" : "Flesh"}
						,{"x" : "3","y" : "8","w" : "2","d" : "2","r" : "0","c" : "Flesh"}
						,{"x" : "6","y" : "8","w" : "1","d" : "3","r" : "0","c" : "Black"}
						,{"x" : "7","y" : "8","w" : "2","d" : "3","r" : "0","c" : "White"}
						,{"x" : "9","y" : "8","w" : "1","d" : "3","r" : "0","c" : "Black"}
					]	
					,[	
						{"x" : "5","y" : "6","w" : "1","d" : "6","r" : "1","c" : "White"}
						,{"x" : "4","y" : "7","w" : "2","d" : "8","r" : "1","c" : "Flesh"}
						,{"x" : "2","y" : "9","w" : "2","d" : "2","r" : "0","c" : "LightGreen"}
						,{"x" : "5","y" : "9","w" : "1","d" : "6","r" : "1","c" : "White"}
						,{"x" : "6","y" : "10","w" : "2","d" : "2","r" : "0","c" : "Black"}
						,{"x" : "8","y" : "10","w" : "2","d" : "2","r" : "0","c" : "Black"}
					]	
					,[	
						{"x" : "6","y" : "6","w" : "1","d" : "4","r" : "1","c" : "White"}
						,{"x" : "5","y" : "7","w" : "2","d" : "2","r" : "0","c" : "White"}
						,{"x" : "7","y" : "7","w" : "2","d" : "2","r" : "0","c" : "Flesh"}
						,{"x" : "9","y" : "7","w" : "2","d" : "2","r" : "0","c" : "White"}
						,{"x" : "6","y" : "9","w" : "1","d" : "4","r" : "1","c" : "White"}
						,{"x" : "1","y" : "10","w" : "2","d" : "2","r" : "0","c" : "Flesh"}
					]	
				]
			},
			{
				"Name" : "スカート",
				"BottomPos" : "8",
				"Layer" : [
					[	
						{"x" : "6","y" : "5","w" : "1","d" : "2","r" : "0","c" : "White"}
						,{"x" : "9","y" : "5","w" : "1","d" : "2","r" : "0","c" : "White"}
						,{"x" : "4","y" : "6","w" : "2","d" : "4","r" : "0","c" : "White"}
						,{"x" : "10","y" : "6","w" : "2","d" : "4","r" : "0","c" : "White"}
						,{"x" : "7","y" : "10","w" : "1","d" : "1","r" : "0","c" : "White"}
						,{"x" : "8","y" : "10","w" : "1","d" : "1","r" : "0","c" : "White"}
					]	
					,[	
						{"x" : "5","y" : "6","w" : "1","d" : "2","r" : "1","c" : "White"}
						,{"x" : "9","y" : "6","w" : "1","d" : "2","r" : "1","c" : "White"}
						,{"x" : "5","y" : "7","w" : "1","d" : "2","r" : "0","c" : "White"}
						,{"x" : "10","y" : "7","w" : "1","d" : "2","r" : "0","c" : "White"}
						,{"x" : "7","y" : "9","w" : "2","d" : "2","r" : "0","c" : "White"}
					]	
				]
			}
		]
	}
}
