{
	"Chara" : {
		"Name" : "大森杏子",
		"DisplayName" : "大森杏子ちゃん",
		"Twitter" : "ankoomori",
		"Copyright" : "©ディヴァージュ",
		"Plate" : ["14", "14", "White"],
		"Block" : [
			{
				"Name" : "全身",
				"BottomPos" : "1",
				"Layer" : [
					[	
						{"x" : "6","y" : "7","w" : "2","d" : "3","r" : "0","c" : "Red"}
					]	
					,[	
						{"x" : "6","y" : "7","w" : "2","d" : "2","r" : "0","c" : "Flesh"}
						,{"x" : "8","y" : "7","w" : "2","d" : "2","r" : "0","c" : "Red"}
					]	
					,[	
						{"x" : "6","y" : "7","w" : "2","d" : "2","r" : "0","c" : "Flesh"}
						,{"x" : "8","y" : "7","w" : "1","d" : "2","r" : "1","c" : "Red"}
						,{"x" : "8","y" : "8","w" : "2","d" : "2","r" : "0","c" : "Flesh"}
					]	
					,[	
						{"x" : "6","y" : "7","w" : "2","d" : "2","r" : "0","c" : "Flesh"}
						,{"x" : "8","y" : "9","w" : "2","d" : "2","r" : "0","c" : "Flesh"}
					]	
					,[	
						{"x" : "6","y" : "7","w" : "2","d" : "2","r" : "0","c" : "Flesh"}
						,{"x" : "8","y" : "8","w" : "2","d" : "2","r" : "0","c" : "Flesh"}
					]	
					,[	
						{"x" : "6","y" : "5","w" : "1","d" : "2","r" : "1","c" : "PastelPink"}
						,{"x" : "8","y" : "5","w" : "1","d" : "2","r" : "1","c" : "PastelPink"}
						,{"x" : "4","y" : "6","w" : "2","d" : "2","r" : "0","c" : "PastelPink"}
						,{"x" : "10","y" : "6","w" : "2","d" : "2","r" : "0","c" : "PastelPink"}
						,{"x" : "6","y" : "7","w" : "1","d" : "2","r" : "0","c" : "Flesh"}
						,{"x" : "7","y" : "7","w" : "1","d" : "1","r" : "0","c" : "Black"}
						,{"x" : "8","y" : "7","w" : "1","d" : "1","r" : "0","c" : "Black"}
						,{"x" : "4","y" : "8","w" : "2","d" : "2","r" : "0","c" : "PastelPink"}
						,{"x" : "7","y" : "8","w" : "1","d" : "2","r" : "1","c" : "Black"}
						,{"x" : "9","y" : "8","w" : "1","d" : "2","r" : "0","c" : "Flesh"}
						,{"x" : "10","y" : "8","w" : "2","d" : "2","r" : "0","c" : "PastelPink"}
						,{"x" : "6","y" : "10","w" : "1","d" : "2","r" : "1","c" : "PastelPink"}
						,{"x" : "8","y" : "10","w" : "1","d" : "2","r" : "1","c" : "PastelPink"}
					]	
					,[	
						{"x" : "7","y" : "5","w" : "1","d" : "2","r" : "0","c" : "Pink"}
						,{"x" : "8","y" : "5","w" : "1","d" : "2","r" : "0","c" : "Pink"}
						,{"x" : "5","y" : "6","w" : "1","d" : "2","r" : "1","c" : "Pink"}
						,{"x" : "9","y" : "6","w" : "1","d" : "2","r" : "1","c" : "Pink"}
						,{"x" : "5","y" : "7","w" : "1","d" : "2","r" : "0","c" : "Pink"}
						,{"x" : "6","y" : "7","w" : "2","d" : "4","r" : "1","c" : "Black"}
						,{"x" : "10","y" : "7","w" : "1","d" : "2","r" : "0","c" : "Pink"}
						,{"x" : "5","y" : "9","w" : "1","d" : "2","r" : "1","c" : "Pink"}
						,{"x" : "7","y" : "9","w" : "1","d" : "2","r" : "0","c" : "Pink"}
						,{"x" : "8","y" : "9","w" : "1","d" : "2","r" : "0","c" : "Pink"}
						,{"x" : "9","y" : "9","w" : "1","d" : "2","r" : "1","c" : "Pink"}
					]	
					,[	
						{"x" : "6","y" : "6","w" : "2","d" : "4","r" : "1","c" : "Pink"}
						,{"x" : "6","y" : "8","w" : "1","d" : "2","r" : "0","c" : "Pink"}
						,{"x" : "7","y" : "8","w" : "1","d" : "2","r" : "0","c" : "Beige"}
						,{"x" : "8","y" : "8","w" : "1","d" : "2","r" : "0","c" : "Beige"}
						,{"x" : "9","y" : "8","w" : "1","d" : "2","r" : "0","c" : "Pink"}
					]	
					,[	
						{"x" : "6","y" : "6","w" : "1","d" : "4","r" : "1","c" : "White"}
						,{"x" : "6","y" : "7","w" : "1","d" : "3","r" : "0","c" : "White"}
						,{"x" : "7","y" : "7","w" : "2","d" : "3","r" : "0","c" : "Flesh"}
						,{"x" : "9","y" : "7","w" : "1","d" : "3","r" : "0","c" : "White"}
						,{"x" : "11","y" : "7","w" : "2","d" : "2","r" : "0","c" : "White"}
						,{"x" : "4","y" : "8","w" : "2","d" : "2","r" : "0","c" : "White"}
					]	
					,[	
						{"x" : "6","y" : "6","w" : "1","d" : "4","r" : "1","c" : "White"}
						,{"x" : "4","y" : "7","w" : "2","d" : "4","r" : "1","c" : "White"}
						,{"x" : "8","y" : "7","w" : "2","d" : "4","r" : "1","c" : "White"}
						,{"x" : "12","y" : "8","w" : "2","d" : "2","r" : "0","c" : "Pink"}
						,{"x" : "3","y" : "9","w" : "2","d" : "2","r" : "0","c" : "Pink"}
						,{"x" : "6","y" : "9","w" : "1","d" : "2","r" : "0","c" : "White"}
						,{"x" : "7","y" : "9","w" : "1","d" : "2","r" : "0","c" : "Pink"}
						,{"x" : "8","y" : "9","w" : "1","d" : "2","r" : "0","c" : "Pink"}
						,{"x" : "9","y" : "9","w" : "1","d" : "2","r" : "0","c" : "White"}
						,{"x" : "2","y" : "11","w" : "2","d" : "2","r" : "0","c" : "Cream"}
					]	
					,[	
						{"x" : "0","y" : "3","w" : "1","d" : "1","r" : "0","c" : "Cream"}
						,{"x" : "6","y" : "6","w" : "1","d" : "4","r" : "0","c" : "Pink"}
						,{"x" : "7","y" : "6","w" : "2","d" : "2","r" : "0","c" : "Pink"}
						,{"x" : "9","y" : "6","w" : "1","d" : "4","r" : "0","c" : "Pink"}
						,{"x" : "5","y" : "7","w" : "1","d" : "2","r" : "0","c" : "White"}
						,{"x" : "10","y" : "7","w" : "1","d" : "2","r" : "0","c" : "White"}
						,{"x" : "7","y" : "8","w" : "2","d" : "2","r" : "0","c" : "Flesh"}
						,{"x" : "13","y" : "9","w" : "2","d" : "2","r" : "0","c" : "Flesh"}
						,{"x" : "2","y" : "10","w" : "2","d" : "2","r" : "0","c" : "Flesh"}
						,{"x" : "4","y" : "10","w" : "1","d" : "1","r" : "0","c" : "Cream"}
						,{"x" : "11","y" : "10","w" : "1","d" : "1","r" : "0","c" : "Cream"}
						,{"x" : "2","y" : "12","w" : "1","d" : "2","r" : "1","c" : "Red"}
					]	
					,[	
						{"x" : "0","y" : "2","w" : "1","d" : "2","r" : "0","c" : "Cream"}
						,{"x" : "7","y" : "7","w" : "2","d" : "2","r" : "0","c" : "Flesh"}
						,{"x" : "4","y" : "10","w" : "1","d" : "1","r" : "0","c" : "Cream"}
						,{"x" : "11","y" : "10","w" : "1","d" : "1","r" : "0","c" : "Cream"}
						,{"x" : "2","y" : "11","w" : "2","d" : "2","r" : "0","c" : "Red"}
					]	
					,[	
						{"x" : "0","y" : "2","w" : "1","d" : "2","r" : "1","c" : "Cream"}
						,{"x" : "5","y" : "5","w" : "2","d" : "3","r" : "1","c" : "Cream"}
						,{"x" : "8","y" : "5","w" : "2","d" : "3","r" : "1","c" : "Cream"}
						,{"x" : "4","y" : "6","w" : "1","d" : "3","r" : "0","c" : "Cream"}
						,{"x" : "11","y" : "6","w" : "1","d" : "3","r" : "0","c" : "Cream"}
						,{"x" : "5","y" : "7","w" : "2","d" : "3","r" : "1","c" : "Flesh"}
						,{"x" : "8","y" : "7","w" : "2","d" : "3","r" : "1","c" : "Flesh"}
						,{"x" : "4","y" : "9","w" : "1","d" : "8","r" : "1","c" : "Flesh"}
						,{"x" : "4","y" : "10","w" : "1","d" : "1","r" : "0","c" : "Cream"}
						,{"x" : "5","y" : "10","w" : "1","d" : "2","r" : "1","c" : "Flesh"}
						,{"x" : "7","y" : "10","w" : "1","d" : "2","r" : "1","c" : "Pink"}
						,{"x" : "9","y" : "10","w" : "1","d" : "2","r" : "1","c" : "Flesh"}
						,{"x" : "11","y" : "10","w" : "1","d" : "1","r" : "0","c" : "Cream"}
						,{"x" : "2","y" : "12","w" : "1","d" : "2","r" : "1","c" : "PastelPink"}
					]	
					,[	
						{"x" : "1","y" : "1","w" : "1","d" : "2","r" : "0","c" : "Cream"}
						,{"x" : "4","y" : "5","w" : "2","d" : "4","r" : "0","c" : "Cream"}
						,{"x" : "6","y" : "5","w" : "2","d" : "3","r" : "0","c" : "Cream"}
						,{"x" : "8","y" : "5","w" : "2","d" : "3","r" : "0","c" : "Cream"}
						,{"x" : "10","y" : "5","w" : "2","d" : "4","r" : "0","c" : "Cream"}
						,{"x" : "6","y" : "8","w" : "1","d" : "1","r" : "0","c" : "Flesh"}
						,{"x" : "7","y" : "8","w" : "2","d" : "3","r" : "0","c" : "Flesh"}
						,{"x" : "9","y" : "8","w" : "1","d" : "1","r" : "0","c" : "Flesh"}
						,{"x" : "4","y" : "9","w" : "1","d" : "1","r" : "0","c" : "Flesh"}
						,{"x" : "5","y" : "9","w" : "1","d" : "2","r" : "0","c" : "PastelPink"}
						,{"x" : "6","y" : "9","w" : "1","d" : "2","r" : "0","c" : "ClearBlue"}
						,{"x" : "9","y" : "9","w" : "1","d" : "2","r" : "0","c" : "ClearBlue"}
						,{"x" : "10","y" : "9","w" : "1","d" : "2","r" : "0","c" : "PastelPink"}
						,{"x" : "11","y" : "9","w" : "1","d" : "1","r" : "0","c" : "Flesh"}
						,{"x" : "4","y" : "10","w" : "1","d" : "1","r" : "0","c" : "Cream"}
						,{"x" : "11","y" : "10","w" : "1","d" : "1","r" : "0","c" : "Cream"}
					]	
					,[	
						{"x" : "1","y" : "1","w" : "2","d" : "2","r" : "0","c" : "Cream"}
						,{"x" : "4","y" : "5","w" : "2","d" : "4","r" : "1","c" : "Cream"}
						,{"x" : "8","y" : "5","w" : "2","d" : "4","r" : "1","c" : "Cream"}
						,{"x" : "4","y" : "7","w" : "1","d" : "4","r" : "0","c" : "Cream"}
						,{"x" : "5","y" : "7","w" : "2","d" : "2","r" : "0","c" : "Cream"}
						,{"x" : "7","y" : "7","w" : "2","d" : "4","r" : "0","c" : "Flesh"}
						,{"x" : "9","y" : "7","w" : "2","d" : "2","r" : "0","c" : "Cream"}
						,{"x" : "11","y" : "7","w" : "1","d" : "4","r" : "0","c" : "Cream"}
						,{"x" : "5","y" : "9","w" : "1","d" : "2","r" : "0","c" : "Flesh"}
						,{"x" : "6","y" : "9","w" : "1","d" : "2","r" : "0","c" : "LightBlue"}
						,{"x" : "9","y" : "9","w" : "1","d" : "2","r" : "0","c" : "LightBlue"}
						,{"x" : "10","y" : "9","w" : "1","d" : "2","r" : "0","c" : "Flesh"}
					]	
					,[	
						{"x" : "2","y" : "1","w" : "2","d" : "2","r" : "0","c" : "Cream"}
						,{"x" : "4","y" : "3","w" : "2","d" : "2","r" : "0","c" : "Pink"}
						,{"x" : "7","y" : "3","w" : "2","d" : "2","r" : "0","c" : "Cream"}
						,{"x" : "10","y" : "3","w" : "2","d" : "2","r" : "0","c" : "Pink"}
						,{"x" : "5","y" : "5","w" : "1","d" : "3","r" : "1","c" : "Cream"}
						,{"x" : "8","y" : "5","w" : "1","d" : "3","r" : "1","c" : "Cream"}
						,{"x" : "4","y" : "6","w" : "2","d" : "4","r" : "0","c" : "Cream"}
						,{"x" : "6","y" : "6","w" : "2","d" : "4","r" : "1","c" : "Cream"}
						,{"x" : "10","y" : "6","w" : "2","d" : "4","r" : "0","c" : "Cream"}
						,{"x" : "6","y" : "8","w" : "2","d" : "4","r" : "1","c" : "Cream"}
						,{"x" : "5","y" : "10","w" : "1","d" : "2","r" : "0","c" : "Cream"}
						,{"x" : "6","y" : "10","w" : "1","d" : "2","r" : "0","c" : "Cream"}
						,{"x" : "7","y" : "10","w" : "1","d" : "2","r" : "0","c" : "Cream"}
						,{"x" : "8","y" : "10","w" : "1","d" : "1","r" : "0","c" : "Cream"}
						,{"x" : "9","y" : "10","w" : "1","d" : "2","r" : "0","c" : "Cream"}
						,{"x" : "10","y" : "10","w" : "1","d" : "2","r" : "0","c" : "Cream"}
					]	
					,[	
						{"x" : "3","y" : "0","w" : "2","d" : "2","r" : "0","c" : "Cream"}
						,{"x" : "5","y" : "0","w" : "2","d" : "2","r" : "0","c" : "Cream"}
						,{"x" : "7","y" : "2","w" : "2","d" : "2","r" : "0","c" : "Cream"}
						,{"x" : "5","y" : "4","w" : "2","d" : "2","r" : "0","c" : "Pink"}
						,{"x" : "7","y" : "4","w" : "2","d" : "2","r" : "0","c" : "Cream"}
						,{"x" : "9","y" : "4","w" : "2","d" : "2","r" : "0","c" : "Pink"}
						,{"x" : "5","y" : "6","w" : "1","d" : "1","r" : "0","c" : "Cream"}
						,{"x" : "6","y" : "6","w" : "1","d" : "2","r" : "1","c" : "Cream"}
						,{"x" : "8","y" : "6","w" : "1","d" : "2","r" : "1","c" : "Cream"}
						,{"x" : "10","y" : "6","w" : "1","d" : "1","r" : "0","c" : "Cream"}
						,{"x" : "5","y" : "7","w" : "2","d" : "2","r" : "0","c" : "Cream"}
						,{"x" : "7","y" : "7","w" : "2","d" : "2","r" : "0","c" : "Cream"}
						,{"x" : "9","y" : "7","w" : "2","d" : "2","r" : "0","c" : "Cream"}
						,{"x" : "5","y" : "9","w" : "1","d" : "1","r" : "0","c" : "Cream"}
						,{"x" : "6","y" : "9","w" : "2","d" : "2","r" : "0","c" : "Cream"}
						,{"x" : "8","y" : "9","w" : "2","d" : "2","r" : "0","c" : "Cream"}
						,{"x" : "10","y" : "9","w" : "1","d" : "1","r" : "0","c" : "Cream"}
					]	
					,[	
						{"x" : "4","y" : "0","w" : "2","d" : "2","r" : "0","c" : "Cream"}
						,{"x" : "6","y" : "1","w" : "2","d" : "2","r" : "0","c" : "Cream"}
						,{"x" : "7","y" : "3","w" : "2","d" : "2","r" : "0","c" : "Cream"}
						,{"x" : "6","y" : "5","w" : "1","d" : "2","r" : "1","c" : "Pink"}
						,{"x" : "8","y" : "5","w" : "1","d" : "2","r" : "1","c" : "Pink"}
						,{"x" : "6","y" : "6","w" : "2","d" : "4","r" : "0","c" : "Cream"}
						,{"x" : "8","y" : "6","w" : "2","d" : "4","r" : "0","c" : "Cream"}
					]	
					,[	
						{"x" : "6","y" : "2","w" : "2","d" : "2","r" : "0","c" : "Cream"}
						,{"x" : "5","y" : "4","w" : "2","d" : "2","r" : "0","c" : "Pink"}
						,{"x" : "9","y" : "4","w" : "2","d" : "2","r" : "0","c" : "Pink"}
					]	
				]
			}
		]
	}
}
