{
	"Chara" : {
		"Name" : "八尾龍華",
		"DisplayName" : "八尾龍華ちゃん",
		"Twitter" : "YaoRyoka",
		"Copyright" : "©八尾娘ぷろじぇくと",
		"Plate" : ["14", "14", "Yellow"],
		"Block" : [
			{
				"Name" : "顔",
				"BottomPos" : "12",
				"Layer" : [
					[
						{"x" : "7", "y" : "7", "w" : "2", "d" : "2", "r" : "0", "c" : "Flesh"},
						{"x" : "4", "y" : "10", "w" : "1", "d" : "1", "r" : "0", "c" : "Orange"},
						{"x" : "11", "y" : "10", "w" : "1", "d" : "1", "r" : "0", "c" : "Orange"}
					],
					[
						{"x" : "5", "y" : "7", "w" : "2", "d" : "4", "r" : "0", "c" : "Flesh"},
						{"x" : "7", "y" : "6", "w" : "2", "d" : "4", "r" : "0", "c" : "Flesh"},
						{"x" : "9", "y" : "7", "w" : "2", "d" : "4", "r" : "0", "c" : "Flesh"},
						{"x" : "7", "y" : "10", "w" : "1", "d" : "2", "r" : "1", "c" : "Pink"},
						{"x" : "3", "y" : "6", "w" : "2", "d" : "4", "r" : "0", "c" : "Orange"},
						{"x" : "5", "y" : "5", "w" : "2", "d" : "2", "r" : "0", "c" : "Orange"},
						{"x" : "7", "y" : "4", "w" : "2", "d" : "2", "r" : "0", "c" : "Orange"},
						{"x" : "9", "y" : "5", "w" : "2", "d" : "2", "r" : "0", "c" : "Orange"},
						{"x" : "11", "y" : "6", "w" : "2", "d" : "4", "r" : "0", "c" : "Orange"},
						{"x" : "4", "y" : "10", "w" : "1", "d" : "1", "r" : "0", "c" : "Orange"},
						{"x" : "11", "y" : "10", "w" : "1", "d" : "1", "r" : "0", "c" : "Orange"}
					],
					[
						{"x" : "5", "y" : "10", "w" : "1", "d" : "1", "r" : "0", "c" : "PastelPink"},
						{"x" : "6", "y" : "9", "w" : "1", "d" : "2", "r" : "0", "c" : "Orange"},
						{"x" : "7", "y" : "9", "w" : "2", "d" : "2", "r" : "0", "c" : "Flesh"},
						{"x" : "9", "y" : "9", "w" : "1", "d" : "2", "r" : "0", "c" : "Orange"},
						{"x" : "10", "y" : "10", "w" : "1", "d" : "1", "r" : "0", "c" : "PastelPink"},
						{"x" : "6", "y" : "8", "w" : "1", "d" : "4", "r" : "1", "c" : "Flesh"},
						{"x" : "6", "y" : "5", "w" : "2", "d" : "4", "r" : "1", "c" : "Yellow"},
						{"x" : "4", "y" : "6", "w" : "2", "d" : "4", "r" : "0", "c" : "Yellow"},
						{"x" : "6", "y" : "7", "w" : "1", "d" : "2", "r" : "1", "c" : "Yellow"},
						{"x" : "8", "y" : "7", "w" : "1", "d" : "2", "r" : "1", "c" : "Yellow"},
						{"x" : "10", "y" : "6", "w" : "2", "d" : "4", "r" : "0", "c" : "Yellow"},
						{"x" : "4", "y" : "10", "w" : "1", "d" : "1", "r" : "0", "c" : "Yellow"},
						{"x" : "11", "y" : "10", "w" : "1", "d" : "1", "r" : "0", "c" : "Yellow"}
					],
					[
						{"x" : "5", "y" : "9", "w" : "1", "d" : "2", "r" : "0", "c" : "Flesh"},
						{"x" : "6", "y" : "9", "w" : "1", "d" : "2", "r" : "0", "c" : "Black"},
						{"x" : "7", "y" : "7", "w" : "2", "d" : "4", "r" : "0", "c" : "Flesh"},
						{"x" : "9", "y" : "9", "w" : "1", "d" : "2", "r" : "0", "c" : "Black"},
						{"x" : "10", "y" : "9", "w" : "1", "d" : "2", "r" : "0", "c" : "Flesh"},
						{"x" : "6", "y" : "5", "w" : "1", "d" : "1", "r" : "0", "c" : "Yellow"},
						{"x" : "7", "y" : "5", "w" : "2", "d" : "2", "r" : "0", "c" : "Yellow"},
						{"x" : "9", "y" : "5", "w" : "1", "d" : "1", "r" : "0", "c" : "Yellow"},
						{"x" : "4", "y" : "6", "w" : "1", "d" : "1", "r" : "0", "c" : "Yellow"},
						{"x" : "5", "y" : "6", "w" : "1", "d" : "2", "r" : "1", "c" : "Yellow"},
						{"x" : "5", "y" : "7", "w" : "2", "d" : "2", "r" : "0", "c" : "Yellow"},
						{"x" : "4", "y" : "7", "w" : "1", "d" : "4", "r" : "0", "c" : "Yellow"},
						{"x" : "11", "y" : "6", "w" : "1", "d" : "1", "r" : "0", "c" : "Yellow"},
						{"x" : "9", "y" : "6", "w" : "1", "d" : "2", "r" : "1", "c" : "Yellow"},
						{"x" : "9", "y" : "7", "w" : "2", "d" : "2", "r" : "0", "c" : "Yellow"},
						{"x" : "11", "y" : "7", "w" : "1", "d" : "4", "r" : "0", "c" : "Yellow"},
						{"x" : "5", "y" : "11", "w" : "1", "d" : "1", "r" : "0", "c" : "Yellow"},
						{"x" : "10", "y" : "11", "w" : "1", "d" : "1", "r" : "0", "c" : "Yellow"}
					],
					[
						{"x" : "4", "y" : "6", "w" : "2", "d" : "4", "r" : "0", "c" : "Yellow"},
						{"x" : "6", "y" : "5", "w" : "2", "d" : "4", "r" : "0", "c" : "Yellow"},
						{"x" : "8", "y" : "5", "w" : "2", "d" : "4", "r" : "0", "c" : "Yellow"},
						{"x" : "10", "y" : "6", "w" : "2", "d" : "4", "r" : "0", "c" : "Yellow"},
						{"x" : "6", "y" : "9", "w" : "1", "d" : "2", "r" : "1", "c" : "Yellow"},
						{"x" : "8", "y" : "9", "w" : "1", "d" : "2", "r" : "1", "c" : "Yellow"},
						{"x" : "5", "y" : "10", "w" : "1", "d" : "2", "r" : "0", "c" : "Yellow"},
						{"x" : "6", "y" : "10", "w" : "1", "d" : "2", "r" : "0", "c" : "Yellow"},
						{"x" : "7", "y" : "10", "w" : "1", "d" : "1", "r" : "0", "c" : "Flesh"},
						{"x" : "8", "y" : "10", "w" : "1", "d" : "2", "r" : "0", "c" : "Yellow"},
						{"x" : "9", "y" : "10", "w" : "1", "d" : "2", "r" : "0", "c" : "Yellow"},
						{"x" : "10", "y" : "10", "w" : "1", "d" : "2", "r" : "0", "c" : "ClearBlue"}
					],
					[
						{"x" : "5", "y" : "6", "w" : "1", "d" : "1", "r" : "0", "c" : "Yellow"},
						{"x" : "6", "y" : "5", "w" : "2", "d" : "4", "r" : "1", "c" : "Yellow"},
						{"x" : "10", "y" : "6", "w" : "1", "d" : "1", "r" : "0", "c" : "Yellow"},
						{"x" : "5", "y" : "7", "w" : "2", "d" : "2", "r" : "0", "c" : "Yellow"},
						{"x" : "7", "y" : "7", "w" : "2", "d" : "2", "r" : "0", "c" : "Yellow"},
						{"x" : "9", "y" : "7", "w" : "2", "d" : "2", "r" : "0", "c" : "Yellow"},
						{"x" : "5", "y" : "9", "w" : "1", "d" : "1", "r" : "0", "c" : "Yellow"},
						{"x" : "6", "y" : "9", "w" : "2", "d" : "2", "r" : "0", "c" : "Yellow"},
						{"x" : "8", "y" : "9", "w" : "2", "d" : "2", "r" : "0", "c" : "Yellow"},
						{"x" : "10", "y" : "9", "w" : "1", "d" : "1", "r" : "0", "c" : "Yellow"},
						{"x" : "4", "y" : "7", "w" : "1", "d" : "1", "r" : "0", "c" : "Yellow"},
						{"x" : "11", "y" : "7", "w" : "1", "d" : "1", "r" : "0", "c" : "Yellow"}
					],
					[
						{"x" : "7", "y" : "6", "w" : "2", "d" : "4", "r" : "0", "c" : "Yellow"},
						{"x" : "4", "y" : "7", "w" : "1", "d" : "2", "r" : "1", "c" : "Yellow"},
						{"x" : "6", "y" : "7", "w" : "1", "d" : "2", "r" : "0", "c" : "Yellow"},
						{"x" : "5", "y" : "8", "w" : "1", "d" : "1", "r" : "0", "c" : "PastelPink"},
						{"x" : "10", "y" : "7", "w" : "1", "d" : "2", "r" : "1", "c" : "Yellow"},
						{"x" : "9", "y" : "7", "w" : "1", "d" : "2", "r" : "0", "c" : "Yellow"},
						{"x" : "10", "y" : "8", "w" : "1", "d" : "1", "r" : "0", "c" : "PastelPink"}
					],
					[
						{"x" : "4", "y" : "7", "w" : "1", "d" : "2", "r" : "1", "c" : "Yellow"},
						{"x" : "6", "y" : "8", "w" : "1", "d" : "1", "r" : "0", "c" : "Yellow"},
						{"x" : "5", "y" : "8", "w" : "1", "d" : "1", "r" : "0", "c" : "PastelPink"},
						{"x" : "10", "y" : "7", "w" : "1", "d" : "2", "r" : "1", "c" : "Yellow"},
						{"x" : "9", "y" : "8", "w" : "1", "d" : "1", "r" : "0", "c" : "Yellow"},
						{"x" : "10", "y" : "8", "w" : "1", "d" : "1", "r" : "0", "c" : "PastelPink"}
					],
					[
						{"x" : "4", "y" : "7", "w" : "1", "d" : "1", "r" : "0", "c" : "Yellow"},
						{"x" : "5", "y" : "8", "w" : "1", "d" : "1", "r" : "0", "c" : "Yellow"},
						{"x" : "11", "y" : "7", "w" : "1", "d" : "1", "r" : "0", "c" : "Yellow"},
						{"x" : "10", "y" : "8", "w" : "1", "d" : "1", "r" : "0", "c" : "Yellow"}
					],
					[
						{"x" : "4", "y" : "7", "w" : "1", "d" : "1", "r" : "0", "c" : "Yellow"},
						{"x" : "11", "y" : "7", "w" : "1", "d" : "1", "r" : "0", "c" : "Yellow"}
					]
				]
			},
			{
				"Name" : "身体",
				"BottomPos" : "1",
				"Layer" : [
					[
						{"x" : "6", "y" : "7", "w" : "2", "d" : "2", "r" : "0", "c" : "Beige"},
						{"x" : "8", "y" : "7", "w" : "2", "d" : "2", "r" : "0", "c" : "Beige"},
						{"x" : "6", "y" : "9", "w" : "1", "d" : "1", "r" : "0", "c" : "White"},
						{"x" : "7", "y" : "9", "w" : "1", "d" : "1", "r" : "0", "c" : "Red"},
						{"x" : "8", "y" : "9", "w" : "1", "d" : "1", "r" : "0", "c" : "Red"},
						{"x" : "9", "y" : "9", "w" : "1", "d" : "1", "r" : "0", "c" : "White"}
					],
					[
						{"x" : "6", "y" : "7", "w" : "2", "d" : "2", "r" : "0", "c" : "White"},
						{"x" : "8", "y" : "7", "w" : "2", "d" : "2", "r" : "0", "c" : "White"}
					],
					[
						{"x" : "6", "y" : "7", "w" : "2", "d" : "2", "r" : "0", "c" : "White"},
						{"x" : "8", "y" : "7", "w" : "2", "d" : "2", "r" : "0", "c" : "White"}
					],
					[
						{"x" : "6", "y" : "7", "w" : "2", "d" : "2", "r" : "0", "c" : "White"},
						{"x" : "8", "y" : "8", "w" : "2", "d" : "2", "r" : "0", "c" : "White"}
					],
					[
						{"x" : "6", "y" : "7", "w" : "2", "d" : "2", "r" : "0", "c" : "Flesh"},
						{"x" : "8", "y" : "8", "w" : "2", "d" : "2", "r" : "0", "c" : "Flesh"}
					],
					[
						{"x" : "6", "y" : "7", "w" : "1", "d" : "2", "r" : "0", "c" : "Flesh"},
						{"x" : "7", "y" : "7", "w" : "1", "d" : "1", "r" : "0", "c" : "PastelPink"},
						{"x" : "8", "y" : "7", "w" : "1", "d" : "1", "r" : "0", "c" : "PastelPink"},
						{"x" : "7", "y" : "8", "w" : "1", "d" : "2", "r" : "1", "c" : "PastelPink"},
						{"x" : "9", "y" : "8", "w" : "1", "d" : "2", "r" : "0", "c" : "Flesh"}
					],
					[
						{"x" : "6", "y" : "7", "w" : "2", "d" : "4", "r" : "1", "c" : "PastelPink"},
						{"x" : "1", "y" : "7", "w" : "2", "d" : "4", "r" : "1", "c" : "White"},
						{"x" : "11", "y" : "7", "w" : "2", "d" : "4", "r" : "1", "c" : "White"}
					],
					[
						{"x" : "6", "y" : "6", "w" : "2", "d" : "4", "r" : "1", "c" : "Black"},
						{"x" : "6", "y" : "8", "w" : "2", "d" : "4", "r" : "1", "c" : "Black"},
						{"x" : "2", "y" : "7", "w" : "2", "d" : "3", "r" : "1", "c" : "White"},
						{"x" : "11", "y" : "7", "w" : "2", "d" : "3", "r" : "1", "c" : "White"}
					],
					[
						{"x" : "6", "y" : "6", "w" : "2", "d" : "3", "r" : "0", "c" : "White"},
						{"x" : "8", "y" : "6", "w" : "2", "d" : "4", "r" : "0", "c" : "White"},
						{"x" : "6", "y" : "9", "w" : "1", "d" : "2", "r" : "1", "c" : "Red"},
						{"x" : "3", "y" : "7", "w" : "2", "d" : "2", "r" : "0", "c" : "White"},
						{"x" : "11", "y" : "7", "w" : "2", "d" : "2", "r" : "0", "c" : "White"}
					],
					[
						{"x" : "4", "y" : "7", "w" : "2", "d" : "8", "r" : "1", "c" : "White"},
						{"x" : "6", "y" : "6", "w" : "1", "d" : "4", "r" : "1", "c" : "White"},
						{"x" : "6", "y" : "9", "w" : "1", "d" : "1", "r" : "0", "c" : "White"},
						{"x" : "7", "y" : "9", "w" : "1", "d" : "2", "r" : "1", "c" : "Red"},
						{"x" : "9", "y" : "9", "w" : "1", "d" : "1", "r" : "0", "c" : "White"}
					],
					[
						{"x" : "7", "y" : "6", "w" : "1", "d" : "2", "r" : "1", "c" : "Red"},
						{"x" : "4", "y" : "7", "w" : "1", "d" : "2", "r" : "0", "c" : "Red"},
						{"x" : "11", "y" : "7", "w" : "1", "d" : "2", "r" : "0", "c" : "White"},
						{"x" : "6", "y" : "7", "w" : "1", "d" : "2", "r" : "0", "c" : "Red"},
						{"x" : "7", "y" : "7", "w" : "2", "d" : "2", "r" : "0", "c" : "Flesh"},
						{"x" : "9", "y" : "7", "w" : "1", "d" : "2", "r" : "0", "c" : "Red"},
						{"x" : "10", "y" : "7", "w" : "1", "d" : "2", "r" : "0", "c" : "White"},
						{"x" : "11", "y" : "7", "w" : "1", "d" : "2", "r" : "0", "c" : "Red"}
					]
				]
			},
			{
				"Name" : "スカート",
				"BottomPos" : "6",
				"Layer" : [
					[
						{"x" : "4", "y" : "6", "w" : "2", "d" : "2", "r" : "0", "c" : "White"},
						{"x" : "4", "y" : "8", "w" : "2", "d" : "2", "r" : "0", "c" : "White"},
						{"x" : "10", "y" : "6", "w" : "2", "d" : "2", "r" : "0", "c" : "White"},
						{"x" : "10", "y" : "8", "w" : "2", "d" : "2", "r" : "0", "c" : "White"},
						{"x" : "6", "y" : "10", "w" : "1", "d" : "2", "r" : "1", "c" : "White"},
						{"x" : "8", "y" : "10", "w" : "1", "d" : "1", "r" : "0", "c" : "White"}
					],
					[
						{"x" : "5", "y" : "6", "w" : "1", "d" : "2", "r" : "1", "c" : "Red"},
						{"x" : "5", "y" : "7", "w" : "1", "d" : "2", "r" : "0", "c" : "Red"},
						{"x" : "5", "y" : "9", "w" : "1", "d" : "2", "r" : "1", "c" : "Red"},
						{"x" : "9", "y" : "6", "w" : "1", "d" : "2", "r" : "1", "c" : "Red"},
						{"x" : "10", "y" : "7", "w" : "1", "d" : "2", "r" : "0", "c" : "Red"},
						{"x" : "9", "y" : "9", "w" : "1", "d" : "2", "r" : "1", "c" : "Red"},
						{"x" : "7", "y" : "9", "w" : "1", "d" : "2", "r" : "0", "c" : "Red"},
						{"x" : "8", "y" : "9", "w" : "1", "d" : "2", "r" : "0", "c" : "Red"}
					]
				]
			},
			{
				"Name" : "しっぽ",
				"BottomPos" : "3",
				"Layer" : [
					[
						{"x" : "2", "y" : "0", "w" : "2", "d" : "2", "r" : "0", "c" : "White"},
						{"x" : "12", "y" : "0", "w" : "2", "d" : "2", "r" : "0", "c" : "White"}
					],
					[
						{"x" : "3", "y" : "1", "w" : "2", "d" : "3", "r" : "1", "c" : "Yellow"},
						{"x" : "10", "y" : "1", "w" : "2", "d" : "3", "r" : "1", "c" : "Yellow"}
					],
					[
						{"x" : "1", "y" : "2", "w" : "1", "d" : "1", "r" : "0", "c" : "Yellow"},
						{"x" : "2", "y" : "1", "w" : "1", "d" : "1", "r" : "0", "c" : "Yellow"},
						{"x" : "2", "y" : "2", "w" : "2", "d" : "3", "r" : "1", "c" : "Yellow"},
						{"x" : "5", "y" : "2", "w" : "2", "d" : "2", "r" : "0", "c" : "Yellow"},
						{"x" : "9", "y" : "2", "w" : "2", "d" : "2", "r" : "0", "c" : "Yellow"},
						{"x" : "11", "y" : "2", "w" : "2", "d" : "3", "r" : "1", "c" : "Yellow"},
						{"x" : "13", "y" : "1", "w" : "1", "d" : "1", "r" : "0", "c" : "Yellow"},
						{"x" : "14", "y" : "2", "w" : "1", "d" : "1", "r" : "0", "c" : "Yellow"}
					],
					[
						{"x" : "1", "y" : "1", "w" : "2", "d" : "2", "r" : "0", "c" : "Yellow"},
						{"x" : "3", "y" : "2", "w" : "2", "d" : "2", "r" : "0", "c" : "Yellow"},
						{"x" : "5", "y" : "3", "w" : "2", "d" : "3", "r" : "1", "c" : "Orange"},
						{"x" : "8", "y" : "3", "w" : "2", "d" : "3", "r" : "1", "c" : "Orange"},
						{"x" : "11", "y" : "2", "w" : "2", "d" : "2", "r" : "0", "c" : "Yellow"},
						{"x" : "13", "y" : "1", "w" : "2", "d" : "2", "r" : "0", "c" : "Yellow"}
					],
					[
						{"x" : "3", "y" : "3", "w" : "1", "d" : "1", "r" : "0", "c" : "Yellow"},
						{"x" : "4", "y" : "3", "w" : "2", "d" : "2", "r" : "0", "c" : "Orange"},
						{"x" : "6", "y" : "4", "w" : "1", "d" : "2", "r" : "0", "c" : "Orange"},
						{"x" : "7", "y" : "4", "w" : "1", "d" : "3", "r" : "0", "c" : "Orange"},
						{"x" : "8", "y" : "4", "w" : "1", "d" : "3", "r" : "0", "c" : "Orange"},
						{"x" : "9", "y" : "4", "w" : "1", "d" : "2", "r" : "0", "c" : "Orange"},
						{"x" : "10", "y" : "3", "w" : "2", "d" : "2", "r" : "0", "c" : "Orange"},
						{"x" : "6", "y" : "2", "w" : "1", "d" : "2", "r" : "0", "c" : "Red"},
						{"x" : "9", "y" : "2", "w" : "1", "d" : "2", "r" : "0", "c" : "Red"},
						{"x" : "12", "y" : "3", "w" : "1", "d" : "1", "r" : "0", "c" : "Yellow"},
						{"x" : "0", "y" : "0", "w" : "2", "d" : "2", "r" : "0", "c" : "White"},
						{"x" : "14", "y" : "0", "w" : "2", "d" : "2", "r" : "0", "c" : "White"}
					],
					[
						{"x" : "1", "y" : "3", "w" : "1", "d" : "1", "r" : "0", "c" : "Yellow"},
						{"x" : "2", "y" : "2", "w" : "1", "d" : "1", "r" : "0", "c" : "Yellow"},
						{"x" : "2", "y" : "3", "w" : "2", "d" : "3", "r" : "1", "c" : "Orange"},
						{"x" : "5", "y" : "4", "w" : "2", "d" : "2", "r" : "0", "c" : "Orange"},
						{"x" : "7", "y" : "5", "w" : "1", "d" : "2", "r" : "1", "c" : "Orange"},
						{"x" : "7", "y" : "3", "w" : "2", "d" : "2", "r" : "0", "c" : "ClearRed"},
						{"x" : "9", "y" : "4", "w" : "2", "d" : "2", "r" : "0", "c" : "Orange"},
						{"x" : "11", "y" : "3", "w" : "2", "d" : "3", "r" : "1", "c" : "Orange"},
						{"x" : "13", "y" : "2", "w" : "1", "d" : "1", "r" : "0", "c" : "Yellow"},
						{"x" : "14", "y" : "3", "w" : "1", "d" : "1", "r" : "0", "c" : "Yellow"},
						{"x" : "0", "y" : "0", "w" : "1", "d" : "1", "r" : "0", "c" : "White"},
						{"x" : "15", "y" : "0", "w" : "1", "d" : "1", "r" : "0", "c" : "White"}
					],
					[
						{"x" : "1", "y" : "2", "w" : "2", "d" : "3", "r" : "1", "c" : "Yellow"},
						{"x" : "4", "y" : "4", "w" : "2", "d" : "2", "r" : "0", "c" : "Orange"},
						{"x" : "6", "y" : "4", "w" : "2", "d" : "2", "r" : "0", "c" : "Orange"},
						{"x" : "8", "y" : "4", "w" : "2", "d" : "2", "r" : "0", "c" : "Orange"},
						{"x" : "10", "y" : "4", "w" : "2", "d" : "2", "r" : "0", "c" : "Orange"},
						{"x" : "12", "y" : "2", "w" : "2", "d" : "3", "r" : "1", "c" : "Yellow"}
					],
					[
						{"x" : "1", "y" : "2", "w" : "2", "d" : "2", "r" : "0", "c" : "White"},
						{"x" : "4", "y" : "3", "w" : "2", "d" : "3", "r" : "1", "c" : "Yellow"},
						{"x" : "9", "y" : "3", "w" : "2", "d" : "3", "r" : "1", "c" : "Yellow"},
						{"x" : "13", "y" : "2", "w" : "2", "d" : "2", "r" : "0", "c" : "White"}
					],
					[
						{"x" : "1", "y" : "2", "w" : "1", "d" : "1", "r" : "0", "c" : "White"},
						{"x" : "4", "y" : "3", "w" : "2", "d" : "2", "r" : "0", "c" : "White"},
						{"x" : "10", "y" : "3", "w" : "2", "d" : "2", "r" : "0", "c" : "White"},
						{"x" : "14", "y" : "2", "w" : "1", "d" : "1", "r" : "0", "c" : "White"}
					],
					[
						{"x" : "4", "y" : "3", "w" : "1", "d" : "1", "r" : "0", "c" : "White"},
						{"x" : "11", "y" : "3", "w" : "1", "d" : "1", "r" : "0", "c" : "White"}
					]
				]
			}
		]
	}
}
