{
	"Chara" : {
		"Name" : "CV33カルロ・ペローチェ",
		"DisplayName" : "CV33カルロ・ペローチェ",
		"Plate" : ["14", "14", "LightGreen"],
		"Block" : [
			{
				"Name" : "車体",
				"BottomPos" : "1",
				"Layer" : [
					[	
						{"x" : "3","y" : "4","w" : "2","d" : "3","r" : "0","c" : "Black"}
						,{"x" : "9","y" : "4","w" : "2","d" : "3","r" : "0","c" : "Black"}
						,{"x" : "3","y" : "7","w" : "2","d" : "2","r" : "0","c" : "Black"}
						,{"x" : "9","y" : "7","w" : "2","d" : "2","r" : "0","c" : "Black"}
						,{"x" : "13","y" : "9","w" : "1","d" : "1","r" : "0","c" : "Flesh"}
						,{"x" : "12","y" : "12","w" : "1","d" : "1","r" : "0","c" : "KhakiGreen"}
						,{"x" : "9","y" : "13","w" : "1","d" : "1","r" : "0","c" : "Flesh"}
					]	
					,[	
						{"x" : "3","y" : "3","w" : "1","d" : "2","r" : "1","c" : "Black"}
						,{"x" : "5","y" : "3","w" : "2","d" : "4","r" : "1","c" : "Beige"}
						,{"x" : "9","y" : "3","w" : "1","d" : "2","r" : "1","c" : "Black"}
						,{"x" : "3","y" : "4","w" : "1","d" : "2","r" : "1","c" : "Gray"}
						,{"x" : "9","y" : "4","w" : "1","d" : "2","r" : "1","c" : "Gray"}
						,{"x" : "3","y" : "5","w" : "2","d" : "3","r" : "0","c" : "Beige"}
						,{"x" : "5","y" : "5","w" : "1","d" : "2","r" : "1","c" : "Beige"}
						,{"x" : "7","y" : "5","w" : "1","d" : "2","r" : "1","c" : "Beige"}
						,{"x" : "9","y" : "5","w" : "2","d" : "3","r" : "0","c" : "Beige"}
						,{"x" : "5","y" : "6","w" : "2","d" : "4","r" : "1","c" : "Beige"}
						,{"x" : "3","y" : "8","w" : "1","d" : "2","r" : "1","c" : "Gray"}
						,{"x" : "9","y" : "8","w" : "1","d" : "2","r" : "1","c" : "Gray"}
						,{"x" : "3","y" : "9","w" : "2","d" : "2","r" : "0","c" : "Black"}
						,{"x" : "9","y" : "9","w" : "2","d" : "2","r" : "0","c" : "Black"}
						,{"x" : "13","y" : "9","w" : "1","d" : "1","r" : "0","c" : "KhakiGreen"}
						,{"x" : "12","y" : "12","w" : "1","d" : "1","r" : "0","c" : "KhakiGreen"}
						,{"x" : "9","y" : "13","w" : "1","d" : "1","r" : "0","c" : "KhakiGreen"}
					]	
					,[	
						{"x" : "3","y" : "3","w" : "2","d" : "4","r" : "0","c" : "Black"}
						,{"x" : "5","y" : "3","w" : "2","d" : "4","r" : "0","c" : "Beige"}
						,{"x" : "7","y" : "3","w" : "2","d" : "4","r" : "0","c" : "Beige"}
						,{"x" : "9","y" : "3","w" : "2","d" : "4","r" : "0","c" : "Black"}
						,{"x" : "3","y" : "7","w" : "2","d" : "4","r" : "0","c" : "Black"}
						,{"x" : "5","y" : "7","w" : "2","d" : "4","r" : "0","c" : "Beige"}
						,{"x" : "7","y" : "7","w" : "2","d" : "4","r" : "0","c" : "Beige"}
						,{"x" : "9","y" : "7","w" : "2","d" : "4","r" : "0","c" : "Black"}
						,{"x" : "13","y" : "9","w" : "1","d" : "1","r" : "0","c" : "Yellow"}
						,{"x" : "12","y" : "12","w" : "1","d" : "1","r" : "0","c" : "SilverGray"}
						,{"x" : "9","y" : "13","w" : "1","d" : "1","r" : "0","c" : "Blue"}
					]	
					,[	
						{"x" : "4","y" : "3","w" : "2","d" : "6","r" : "1","c" : "Beige"}
						,{"x" : "4","y" : "5","w" : "1","d" : "6","r" : "1","c" : "Beige"}
						,{"x" : "4","y" : "6","w" : "2","d" : "6","r" : "1","c" : "Beige"}
						,{"x" : "3","y" : "8","w" : "2","d" : "3","r" : "0","c" : "Beige"}
						,{"x" : "9","y" : "8","w" : "2","d" : "3","r" : "0","c" : "Beige"}
					]	
					,[	
						{"x" : "5","y" : "3","w" : "1","d" : "2","r" : "1","c" : "Beige"}
						,{"x" : "7","y" : "3","w" : "1","d" : "2","r" : "1","c" : "Beige"}
						,{"x" : "5","y" : "4","w" : "2","d" : "4","r" : "1","c" : "Beige"}
						,{"x" : "4","y" : "5","w" : "1","d" : "2","r" : "0","c" : "Beige"}
						,{"x" : "9","y" : "5","w" : "1","d" : "2","r" : "0","c" : "Beige"}
						,{"x" : "5","y" : "6","w" : "1","d" : "2","r" : "1","c" : "Black"}
						,{"x" : "7","y" : "6","w" : "1","d" : "4","r" : "0","c" : "Gray"}
						,{"x" : "8","y" : "6","w" : "1","d" : "4","r" : "0","c" : "Gray"}
					]	
					,[	
						{"x" : "4","y" : "5","w" : "1","d" : "2","r" : "1","c" : "Beige"}
						,{"x" : "6","y" : "5","w" : "1","d" : "2","r" : "1","c" : "Beige"}
						,{"x" : "8","y" : "5","w" : "1","d" : "2","r" : "1","c" : "Beige"}
						,{"x" : "4","y" : "6","w" : "1","d" : "1","r" : "0","c" : "Clear"}
						,{"x" : "5","y" : "6","w" : "1","d" : "4","r" : "1","c" : "Beige"}
						,{"x" : "9","y" : "6","w" : "1","d" : "1","r" : "0","c" : "Clear"}
					]	
				]
			}
		]
	}
}
