﻿{
"Version":"1.00"
,"Chara":{
"Name":"花騎士リンゴ"
,"DisplayName":"花騎士のリンゴちゃん"
,"Twitter":""
,"Copyright":"©2015 DMMゲームズ"
,"Plate":["14","14","Pink"]
,"Block":[{
"Name":"全身"
,"BottomPos":"1"
,"Layer":[
[
{"x":"-2","y":"-1","w":"2","d":"3","r":"0","c":"Flesh"}
,{"x":"1","y":"-2","w":"2","d":"3","r":"0","c":"Flesh"}
]
,[
{"x":"1","y":"-2","w":"2","d":"2","r":"0","c":"PastelPink"}
,{"x":"-2","y":"-1","w":"2","d":"2","r":"0","c":"PastelPink"}
,{"x":"7","y":"3","w":"2","d":"3","r":"1","c":"Pink"}
,{"x":"-10","y":"3","w":"2","d":"3","r":"1","c":"Pink"}
]
,[
{"x":"1","y":"-2","w":"2","d":"2","r":"0","c":"Flesh"}
,{"x":"-2","y":"-1","w":"2","d":"2","r":"0","c":"Flesh"}
,{"x":"2","y":"3","w":"2","d":"2","r":"1","c":"PastelPink"}
,{"x":"4","y":"2","w":"2","d":"2","r":"1","c":"PastelPink"}
,{"x":"5","y":"0","w":"2","d":"2","r":"1","c":"PastelPink"}
,{"x":"5","y":"-2","w":"2","d":"2","r":"1","c":"PastelPink"}
,{"x":"5","y":"-4","w":"2","d":"2","r":"1","c":"PastelPink"}
,{"x":"3","y":"-5","w":"2","d":"2","r":"1","c":"PastelPink"}
,{"x":"1","y":"-5","w":"2","d":"2","r":"1","c":"PastelPink"}
,{"x":"-1","y":"-5","w":"2","d":"2","r":"1","c":"PastelPink"}
,{"x":"-3","y":"-5","w":"2","d":"2","r":"1","c":"PastelPink"}
,{"x":"-5","y":"-5","w":"2","d":"2","r":"1","c":"PastelPink"}
,{"x":"-7","y":"-4","w":"2","d":"2","r":"1","c":"PastelPink"}
,{"x":"-7","y":"-2","w":"2","d":"2","r":"1","c":"PastelPink"}
,{"x":"-7","y":"0","w":"2","d":"2","r":"1","c":"PastelPink"}
,{"x":"-6","y":"2","w":"2","d":"2","r":"1","c":"PastelPink"}
,{"x":"-4","y":"3","w":"2","d":"2","r":"1","c":"PastelPink"}
,{"x":"7","y":"3","w":"2","d":"2","r":"1","c":"White"}
,{"x":"-9","y":"3","w":"2","d":"2","r":"1","c":"White"}
]
,[
{"x":"0","y":"-1","w":"2","d":"2","r":"0","c":"Flesh"}
,{"x":"-2","y":"-1","w":"2","d":"2","r":"0","c":"Beige"}
,{"x":"1","y":"2","w":"2","d":"3","r":"1","c":"White"}
,{"x":"-4","y":"2","w":"2","d":"3","r":"1","c":"White"}
,{"x":"4","y":"1","w":"2","d":"2","r":"1","c":"White"}
,{"x":"4","y":"-1","w":"2","d":"2","r":"1","c":"White"}
,{"x":"4","y":"-3","w":"2","d":"2","r":"1","c":"White"}
,{"x":"-6","y":"1","w":"2","d":"2","r":"1","c":"White"}
,{"x":"-6","y":"-1","w":"2","d":"2","r":"1","c":"White"}
,{"x":"-6","y":"-3","w":"2","d":"2","r":"1","c":"White"}
,{"x":"-4","y":"-4","w":"2","d":"2","r":"1","c":"White"}
,{"x":"-2","y":"-4","w":"2","d":"2","r":"1","c":"White"}
,{"x":"0","y":"-4","w":"2","d":"2","r":"1","c":"White"}
,{"x":"2","y":"-4","w":"2","d":"2","r":"1","c":"White"}
,{"x":"7","y":"3","w":"2","d":"2","r":"1","c":"PastelPink"}
,{"x":"-9","y":"3","w":"2","d":"2","r":"1","c":"PastelPink"}
]
,[
{"x":"0","y":"-1","w":"2","d":"2","r":"0","c":"Flesh"}
,{"x":"-2","y":"-1","w":"2","d":"2","r":"0","c":"Flesh"}
,{"x":"-2","y":"2","w":"1","d":"2","r":"1","c":"White"}
,{"x":"0","y":"2","w":"1","d":"2","r":"1","c":"White"}
,{"x":"2","y":"1","w":"1","d":"2","r":"0","c":"Pink"}
,{"x":"-3","y":"1","w":"1","d":"2","r":"0","c":"Pink"}
,{"x":"3","y":"0","w":"2","d":"2","r":"0","c":"Pink"}
,{"x":"3","y":"-2","w":"2","d":"2","r":"0","c":"Pink"}
,{"x":"1","y":"-3","w":"2","d":"2","r":"0","c":"Pink"}
,{"x":"-3","y":"-3","w":"2","d":"2","r":"0","c":"Pink"}
,{"x":"-5","y":"-2","w":"2","d":"2","r":"0","c":"Pink"}
,{"x":"-5","y":"0","w":"2","d":"2","r":"0","c":"Pink"}
,{"x":"-1","y":"-3","w":"1","d":"2","r":"1","c":"Pink"}
,{"x":"7","y":"3","w":"2","d":"2","r":"1","c":"PastelPink"}
,{"x":"-9","y":"3","w":"2","d":"2","r":"1","c":"PastelPink"}
]
,[
{"x":"-1","y":"0","w":"1","d":"2","r":"1","c":"PastelPink"}
,{"x":"-1","y":"-1","w":"1","d":"1","r":"1","c":"PastelPink"}
,{"x":"0","y":"-1","w":"1","d":"1","r":"1","c":"PastelPink"}
,{"x":"-2","y":"-1","w":"1","d":"2","r":"0","c":"Flesh"}
,{"x":"1","y":"-1","w":"1","d":"2","r":"0","c":"Flesh"}
,{"x":"2","y":"-2","w":"2","d":"4","r":"0","c":"White"}
,{"x":"-4","y":"-2","w":"2","d":"4","r":"0","c":"White"}
,{"x":"-2","y":"-3","w":"1","d":"4","r":"1","c":"White"}
,{"x":"-1","y":"2","w":"1","d":"2","r":"1","c":"White"}
,{"x":"-2","y":"1","w":"1","d":"2","r":"0","c":"Pink"}
,{"x":"1","y":"1","w":"1","d":"2","r":"0","c":"Pink"}
,{"x":"-8","y":"2","w":"2","d":"2","r":"1","c":"PastelPink"}
,{"x":"6","y":"2","w":"2","d":"2","r":"1","c":"PastelPink"}
]
,[
{"x":"-2","y":"0","w":"1","d":"4","r":"1","c":"PastelPink"}
,{"x":"0","y":"-1","w":"1","d":"2","r":"1","c":"PastelPink"}
,{"x":"-2","y":"-1","w":"1","d":"2","r":"1","c":"PastelPink"}
,{"x":"-1","y":"1","w":"1","d":"2","r":"0","c":"Pink"}
,{"x":"0","y":"1","w":"1","d":"2","r":"0","c":"Pink"}
,{"x":"1","y":"1","w":"1","d":"2","r":"1","c":"White"}
,{"x":"-3","y":"1","w":"1","d":"2","r":"1","c":"White"}
,{"x":"-3","y":"-2","w":"1","d":"2","r":"1","c":"White"}
,{"x":"1","y":"-2","w":"1","d":"2","r":"1","c":"White"}
,{"x":"2","y":"-1","w":"1","d":"2","r":"0","c":"White"}
,{"x":"-3","y":"-1","w":"1","d":"2","r":"0","c":"White"}
,{"x":"-1","y":"-3","w":"2","d":"2","r":"0","c":"White"}
,{"x":"5","y":"2","w":"2","d":"2","r":"1","c":"PastelPink"}
,{"x":"-7","y":"2","w":"2","d":"2","r":"1","c":"PastelPink"}
]
,[
{"x":"-1","y":"-2","w":"2","d":"4","r":"0","c":"Beige"}
,{"x":"1","y":"-2","w":"1","d":"4","r":"0","c":"Beige"}
,{"x":"-2","y":"-2","w":"1","d":"4","r":"0","c":"Beige"}
,{"x":"-6","y":"1","w":"2","d":"2","r":"1","c":"PastelPink"}
,{"x":"-2","y":"-4","w":"2","d":"4","r":"1","c":"PastelPink"}
,{"x":"-6","y":"-3","w":"2","d":"4","r":"1","c":"PastelPink"}
,{"x":"2","y":"-3","w":"2","d":"4","r":"1","c":"PastelPink"}
,{"x":"4","y":"1","w":"2","d":"2","r":"1","c":"PastelPink"}
]
,[
{"x":"-2","y":"-2","w":"2","d":"4","r":"1","c":"White"}
,{"x":"-2","y":"0","w":"2","d":"4","r":"1","c":"White"}
,{"x":"3","y":"0","w":"2","d":"2","r":"1","c":"White"}
,{"x":"-5","y":"0","w":"2","d":"2","r":"1","c":"White"}
,{"x":"5","y":"-2","w":"2","d":"2","r":"1","c":"PastelPink"}
,{"x":"-7","y":"-2","w":"2","d":"2","r":"1","c":"PastelPink"}
]
,[
{"x":"-4","y":"-1","w":"2","d":"8","r":"1","c":"Flesh"}
,{"x":"-1","y":"1","w":"2","d":"2","r":"1","c":"Beige"}
,{"x":"0","y":"-2","w":"1","d":"2","r":"1","c":"Flesh"}
,{"x":"-2","y":"-2","w":"1","d":"2","r":"1","c":"Flesh"}
,{"x":"1","y":"1","w":"1","d":"1","r":"1","c":"White"}
,{"x":"-2","y":"1","w":"1","d":"1","r":"1","c":"White"}
,{"x":"2","y":"1","w":"2","d":"2","r":"1","c":"White"}
,{"x":"-4","y":"1","w":"2","d":"2","r":"1","c":"White"}
,{"x":"4","y":"2","w":"1","d":"1","r":"1","c":"PastelPink"}
,{"x":"-5","y":"2","w":"1","d":"1","r":"1","c":"PastelPink"}
,{"x":"4","y":"-1","w":"2","d":"2","r":"1","c":"PastelPink"}
,{"x":"-6","y":"-1","w":"2","d":"2","r":"1","c":"PastelPink"}
]
,[
{"x":"-1","y":"0","w":"2","d":"2","r":"1","c":"Flesh"}
,{"x":"-1","y":"-2","w":"2","d":"2","r":"1","c":"Beige"}
,{"x":"1","y":"-2","w":"1","d":"4","r":"0","c":"Beige"}
,{"x":"-2","y":"-2","w":"1","d":"4","r":"0","c":"Beige"}
,{"x":"-1","y":"2","w":"1","d":"2","r":"1","c":"Yellow"}
,{"x":"-1","y":"3","w":"1","d":"2","r":"1","c":"Clear"}
,{"x":"1","y":"2","w":"2","d":"2","r":"1","c":"Flesh"}
,{"x":"-3","y":"2","w":"2","d":"2","r":"1","c":"Flesh"}
,{"x":"2","y":"-1","w":"1","d":"2","r":"0","c":"Flesh"}
,{"x":"-3","y":"-1","w":"1","d":"2","r":"0","c":"Flesh"}
,{"x":"4","y":"1","w":"1","d":"2","r":"0","c":"PastelPink"}
,{"x":"-5","y":"1","w":"1","d":"2","r":"0","c":"PastelPink"}
]
,[
{"x":"-1","y":"-1","w":"2","d":"2","r":"0","c":"Flesh"}
,{"x":"-1","y":"2","w":"2","d":"2","r":"0","c":"Clear"}
,{"x":"3","y":"1","w":"2","d":"2","r":"0","c":"PastelPink"}
,{"x":"-5","y":"1","w":"2","d":"2","r":"0","c":"PastelPink"}
]
,[
{"x":"-1","y":"2","w":"1","d":"2","r":"1","c":"PastelPink"}
,{"x":"1","y":"-1","w":"2","d":"4","r":"0","c":"Flesh"}
,{"x":"-3","y":"-1","w":"2","d":"4","r":"0","c":"Flesh"}
,{"x":"-1","y":"-2","w":"2","d":"4","r":"0","c":"Flesh"}
,{"x":"0","y":"-3","w":"1","d":"2","r":"1","c":"PastelPink"}
,{"x":"-2","y":"-3","w":"1","d":"2","r":"1","c":"PastelPink"}
,{"x":"-3","y":"-2","w":"1","d":"2","r":"1","c":"PastelPink"}
,{"x":"1","y":"-2","w":"1","d":"2","r":"1","c":"PastelPink"}
,{"x":"3","y":"-1","w":"1","d":"2","r":"0","c":"PastelPink"}
,{"x":"3","y":"1","w":"1","d":"2","r":"0","c":"PastelPink"}
,{"x":"-4","y":"1","w":"1","d":"2","r":"0","c":"PastelPink"}
,{"x":"-4","y":"-1","w":"1","d":"2","r":"0","c":"PastelPink"}
]
,[
{"x":"1","y":"1","w":"1","d":"2","r":"0","c":"ClearBlue"}
,{"x":"-2","y":"1","w":"1","d":"2","r":"0","c":"ClearBlue"}
,{"x":"2","y":"2","w":"1","d":"1","r":"0","c":"Pink"}
,{"x":"-3","y":"2","w":"1","d":"1","r":"0","c":"Pink"}
,{"x":"3","y":"-2","w":"2","d":"4","r":"0","c":"PastelPink"}
,{"x":"-5","y":"-2","w":"2","d":"4","r":"0","c":"PastelPink"}
,{"x":"3","y":"2","w":"1","d":"1","r":"0","c":"PastelPink"}
,{"x":"3","y":"3","w":"1","d":"1","r":"0","c":"PastelPink"}
,{"x":"4","y":"2","w":"1","d":"1","r":"0","c":"PastelPink"}
,{"x":"-5","y":"2","w":"1","d":"1","r":"0","c":"PastelPink"}
,{"x":"-4","y":"2","w":"1","d":"1","r":"0","c":"PastelPink"}
,{"x":"-4","y":"3","w":"1","d":"1","r":"0","c":"PastelPink"}
,{"x":"-2","y":"0","w":"1","d":"4","r":"1","c":"Flesh"}
,{"x":"-1","y":"1","w":"2","d":"2","r":"1","c":"Flesh"}
,{"x":"1","y":"-3","w":"2","d":"2","r":"1","c":"PastelPink"}
,{"x":"-1","y":"-3","w":"2","d":"2","r":"1","c":"PastelPink"}
,{"x":"-3","y":"-3","w":"2","d":"2","r":"1","c":"PastelPink"}
,{"x":"-2","y":"-1","w":"1","d":"2","r":"1","c":"PastelPink"}
,{"x":"0","y":"-1","w":"1","d":"2","r":"1","c":"PastelPink"}
,{"x":"2","y":"0","w":"1","d":"2","r":"0","c":"PastelPink"}
,{"x":"-3","y":"0","w":"1","d":"2","r":"0","c":"PastelPink"}
,{"x":"2","y":"-1","w":"1","d":"1","r":"0","c":"PastelPink"}
,{"x":"-3","y":"-1","w":"1","d":"1","r":"0","c":"PastelPink"}
]
,[
{"x":"3","y":"2","w":"2","d":"2","r":"0","c":"PastelPink"}
,{"x":"-5","y":"2","w":"2","d":"2","r":"0","c":"PastelPink"}
,{"x":"2","y":"-2","w":"2","d":"4","r":"0","c":"PastelPink"}
,{"x":"-4","y":"-2","w":"2","d":"4","r":"0","c":"PastelPink"}
,{"x":"-2","y":"-3","w":"2","d":"4","r":"1","c":"PastelPink"}
,{"x":"2","y":"2","w":"1","d":"1","r":"1","c":"Flesh"}
,{"x":"-3","y":"2","w":"1","d":"1","r":"1","c":"Flesh"}
,{"x":"-2","y":"1","w":"1","d":"2","r":"0","c":"Black"}
,{"x":"1","y":"1","w":"1","d":"2","r":"0","c":"Black"}
,{"x":"-1","y":"-1","w":"2","d":"4","r":"0","c":"Flesh"}
,{"x":"1","y":"-1","w":"1","d":"2","r":"0","c":"PastelPink"}
,{"x":"-2","y":"-1","w":"1","d":"2","r":"0","c":"PastelPink"}
,{"x":"2","y":"-3","w":"1","d":"1","r":"0","c":"PastelPink"}
,{"x":"-3","y":"-3","w":"1","d":"1","r":"0","c":"PastelPink"}
]
,[
{"x":"-3","y":"-3","w":"2","d":"4","r":"0","c":"PastelPink"}
,{"x":"1","y":"-3","w":"2","d":"4","r":"0","c":"PastelPink"}
,{"x":"2","y":"2","w":"2","d":"2","r":"0","c":"PastelPink"}
,{"x":"-4","y":"2","w":"2","d":"2","r":"0","c":"PastelPink"}
,{"x":"-1","y":"2","w":"1","d":"2","r":"0","c":"PastelPink"}
,{"x":"0","y":"2","w":"1","d":"2","r":"0","c":"PastelPink"}
,{"x":"3","y":"-1","w":"1","d":"2","r":"0","c":"PastelPink"}
,{"x":"-4","y":"-1","w":"1","d":"2","r":"0","c":"PastelPink"}
,{"x":"-4","y":"1","w":"1","d":"2","r":"1","c":"PastelPink"}
,{"x":"2","y":"1","w":"1","d":"2","r":"1","c":"PastelPink"}
,{"x":"-2","y":"1","w":"1","d":"2","r":"0","c":"Flesh"}
,{"x":"1","y":"1","w":"1","d":"2","r":"0","c":"Flesh"}
,{"x":"-1","y":"-3","w":"2","d":"4","r":"0","c":"PastelPink"}
,{"x":"-1","y":"1","w":"1","d":"2","r":"1","c":"PastelPink"}
]
,[
{"x":"-1","y":"3","w":"1","d":"2","r":"1","c":"ClearRed"}
,{"x":"1","y":"0","w":"2","d":"4","r":"0","c":"PastelPink"}
,{"x":"-3","y":"0","w":"2","d":"4","r":"0","c":"PastelPink"}
,{"x":"-1","y":"-3","w":"2","d":"4","r":"0","c":"PastelPink"}
,{"x":"1","y":"-2","w":"2","d":"2","r":"0","c":"PastelPink"}
,{"x":"-3","y":"-2","w":"2","d":"2","r":"0","c":"PastelPink"}
,{"x":"-1","y":"1","w":"2","d":"2","r":"0","c":"PastelPink"}
,{"x":"3","y":"1","w":"1","d":"2","r":"0","c":"White"}
,{"x":"-4","y":"1","w":"1","d":"2","r":"0","c":"White"}
]
,[
{"x":"-2","y":"-2","w":"2","d":"4","r":"1","c":"PastelPink"}
,{"x":"-2","y":"0","w":"2","d":"4","r":"1","c":"PastelPink"}
,{"x":"0","y":"2","w":"1","d":"2","r":"1","c":"PastelPink"}
,{"x":"-2","y":"2","w":"1","d":"2","r":"1","c":"PastelPink"}
]
,[
{"x":"1","y":"1","w":"1","d":"2","r":"1","c":"PastelPink"}
]
]
}]
}
}