﻿{
"Version":"1.00"
,"Chara":{
"Name":"役追儺"
,"DisplayName":"ついなちゃん(SPPN)"
,"Twitter":"Tuina_chan"
,"Copyright":"日本鬼子プロジェクト"
,"Plate":["14","14","Clear"]
,"Block":[{
"Name":"全身"
,"BottomPos":"1"
,"Layer":[
[
{"x":"-2","y":"-1","w":"2","d":"3","r":"0","c":"Flesh"}
,{"x":"0","y":"-3","w":"2","d":"3","r":"0","c":"Flesh"}
]
,[
{"x":"-2","y":"-1","w":"2","d":"2","r":"1","c":"Flesh"}
,{"x":"0","y":"-3","w":"2","d":"2","r":"1","c":"Flesh"}
,{"x":"-3","y":"2","w":"1","d":"1","r":"0","c":"PastelPink"}
]
,[
{"x":"0","y":"-3","w":"2","d":"2","r":"1","c":"Flesh"}
,{"x":"-2","y":"-1","w":"2","d":"2","r":"1","c":"Flesh"}
,{"x":"-3","y":"1","w":"1","d":"2","r":"0","c":"PastelPink"}
]
,[
{"x":"-2","y":"-1","w":"2","d":"2","r":"0","c":"Flesh"}
,{"x":"0","y":"-2","w":"2","d":"2","r":"0","c":"Flesh"}
,{"x":"-3","y":"1","w":"2","d":"2","r":"1","c":"PastelPink"}
]
,[
{"x":"0","y":"-2","w":"2","d":"2","r":"0","c":"Flesh"}
,{"x":"-2","y":"-1","w":"2","d":"2","r":"0","c":"Flesh"}
,{"x":"-2","y":"1","w":"1","d":"2","r":"1","c":"PastelPink"}
,{"x":"2","y":"2","w":"1","d":"1","r":"0","c":"PastelPink"}
]
,[
{"x":"0","y":"-1","w":"1","d":"2","r":"0","c":"Flesh"}
,{"x":"-1","y":"-1","w":"1","d":"2","r":"0","c":"Flesh"}
,{"x":"-2","y":"-1","w":"1","d":"2","r":"0","c":"Flesh"}
,{"x":"1","y":"-2","w":"1","d":"2","r":"0","c":"Flesh"}
,{"x":"-3","y":"1","w":"2","d":"2","r":"0","c":"Flesh"}
,{"x":"-1","y":"1","w":"1","d":"2","r":"0","c":"PastelPink"}
,{"x":"1","y":"2","w":"1","d":"2","r":"1","c":"PastelPink"}
]
,[
{"x":"-2","y":"0","w":"1","d":"4","r":"1","c":"Flesh"}
,{"x":"-2","y":"-2","w":"2","d":"2","r":"1","c":"Flesh"}
,{"x":"0","y":"-2","w":"2","d":"2","r":"1","c":"Flesh"}
,{"x":"2","y":"0","w":"2","d":"2","r":"0","c":"Flesh"}
,{"x":"-4","y":"0","w":"2","d":"2","r":"0","c":"Flesh"}
,{"x":"-2","y":"1","w":"2","d":"2","r":"0","c":"PastelPink"}
,{"x":"1","y":"2","w":"1","d":"2","r":"0","c":"PastelPink"}
]
,[
{"x":"-2","y":"-1","w":"2","d":"4","r":"1","c":"Flesh"}
,{"x":"2","y":"-1","w":"2","d":"2","r":"0","c":"Flesh"}
,{"x":"2","y":"1","w":"2","d":"2","r":"0","c":"Flesh"}
,{"x":"-4","y":"-1","w":"2","d":"2","r":"0","c":"Flesh"}
,{"x":"1","y":"1","w":"1","d":"2","r":"0","c":"PastelPink"}
,{"x":"-3","y":"1","w":"2","d":"2","r":"0","c":"PastelPink"}
]
,[
{"x":"-2","y":"-1","w":"1","d":"4","r":"1","c":"Flesh"}
,{"x":"-2","y":"0","w":"1","d":"2","r":"1","c":"Flesh"}
,{"x":"0","y":"0","w":"1","d":"2","r":"1","c":"Flesh"}
,{"x":"2","y":"-1","w":"2","d":"2","r":"0","c":"Flesh"}
,{"x":"-4","y":"-1","w":"2","d":"2","r":"0","c":"Flesh"}
,{"x":"-4","y":"1","w":"2","d":"2","r":"0","c":"PastelPink"}
,{"x":"1","y":"1","w":"2","d":"2","r":"0","c":"PastelPink"}
,{"x":"3","y":"2","w":"1","d":"2","r":"0","c":"PastelPink"}
,{"x":"3","y":"1","w":"1","d":"2","r":"1","c":"PastelPink"}
,{"x":"-2","y":"1","w":"1","d":"1","r":"1","c":"PastelPink"}
]
,[
{"x":"-3","y":"-1","w":"2","d":"6","r":"1","c":"Flesh"}
,{"x":"2","y":"1","w":"2","d":"2","r":"1","c":"PastelPink"}
,{"x":"3","y":"0","w":"1","d":"2","r":"1","c":"PastelPink"}
,{"x":"-5","y":"-1","w":"1","d":"1","r":"1","c":"PastelPink"}
,{"x":"-5","y":"0","w":"2","d":"2","r":"1","c":"PastelPink"}
]
,[
{"x":"-1","y":"-1","w":"2","d":"2","r":"0","c":"Flesh"}
,{"x":"-5","y":"-1","w":"2","d":"2","r":"1","c":"PastelPink"}
,{"x":"-3","y":"0","w":"1","d":"1","r":"1","c":"PastelPink"}
,{"x":"-4","y":"1","w":"1","d":"1","r":"1","c":"PastelPink"}
,{"x":"-5","y":"-2","w":"1","d":"1","r":"1","c":"PastelPink"}
,{"x":"-6","y":"-3","w":"1","d":"2","r":"0","c":"PastelPink"}
,{"x":"3","y":"0","w":"2","d":"2","r":"0","c":"PastelPink"}
,{"x":"4","y":"-1","w":"1","d":"1","r":"0","c":"PastelPink"}
,{"x":"5","y":"0","w":"1","d":"1","r":"0","c":"PastelPink"}
,{"x":"-1","y":"-4","w":"1","d":"2","r":"1","c":"PastelPink"}
,{"x":"-3","y":"-3","w":"1","d":"2","r":"1","c":"PastelPink"}
,{"x":"1","y":"-3","w":"1","d":"2","r":"1","c":"PastelPink"}
]
,[
{"x":"1","y":"1","w":"1","d":"2","r":"1","c":"Pink"}
,{"x":"-3","y":"1","w":"1","d":"2","r":"1","c":"Pink"}
,{"x":"-1","y":"1","w":"1","d":"2","r":"1","c":"Flesh"}
,{"x":"-4","y":"0","w":"1","d":"8","r":"1","c":"Flesh"}
,{"x":"-3","y":"-2","w":"2","d":"6","r":"1","c":"Flesh"}
,{"x":"3","y":"-1","w":"1","d":"1","r":"1","c":"PastelPink"}
,{"x":"3","y":"1","w":"1","d":"1","r":"1","c":"PastelPink"}
,{"x":"-4","y":"1","w":"1","d":"1","r":"1","c":"PastelPink"}
,{"x":"-4","y":"-1","w":"1","d":"1","r":"1","c":"PastelPink"}
,{"x":"3","y":"-3","w":"1","d":"2","r":"0","c":"PastelPink"}
,{"x":"-4","y":"-3","w":"1","d":"2","r":"0","c":"PastelPink"}
,{"x":"-3","y":"-4","w":"2","d":"2","r":"0","c":"PastelPink"}
,{"x":"-1","y":"-4","w":"2","d":"2","r":"0","c":"PastelPink"}
,{"x":"1","y":"-4","w":"2","d":"2","r":"0","c":"PastelPink"}
,{"x":"-6","y":"-2","w":"2","d":"2","r":"0","c":"PastelPink"}
,{"x":"-7","y":"-3","w":"1","d":"2","r":"1","c":"PastelPink"}
,{"x":"6","y":"-3","w":"1","d":"2","r":"0","c":"PastelPink"}
,{"x":"5","y":"-2","w":"1","d":"1","r":"0","c":"PastelPink"}
,{"x":"4","y":"-1","w":"2","d":"2","r":"0","c":"PastelPink"}
]
,[
{"x":"3","y":"0","w":"1","d":"2","r":"1","c":"Flesh"}
,{"x":"-5","y":"0","w":"1","d":"2","r":"1","c":"Flesh"}
,{"x":"-1","y":"-1","w":"2","d":"3","r":"0","c":"Flesh"}
,{"x":"-2","y":"0","w":"1","d":"2","r":"0","c":"Black"}
,{"x":"2","y":"0","w":"1","d":"2","r":"0","c":"Flesh"}
,{"x":"-3","y":"0","w":"1","d":"2","r":"0","c":"Flesh"}
,{"x":"2","y":"-4","w":"2","d":"4","r":"0","c":"PastelPink"}
,{"x":"-4","y":"-4","w":"2","d":"4","r":"0","c":"PastelPink"}
,{"x":"-2","y":"-3","w":"2","d":"4","r":"1","c":"PastelPink"}
,{"x":"0","y":"-4","w":"1","d":"2","r":"1","c":"PastelPink"}
,{"x":"-2","y":"-4","w":"1","d":"2","r":"1","c":"PastelPink"}
,{"x":"3","y":"1","w":"1","d":"1","r":"1","c":"PastelPink"}
,{"x":"-4","y":"1","w":"1","d":"1","r":"1","c":"PastelPink"}
,{"x":"1","y":"-1","w":"1","d":"1","r":"1","c":"Flesh"}
,{"x":"-2","y":"-1","w":"1","d":"1","r":"1","c":"Flesh"}
,{"x":"5","y":"-2","w":"2","d":"2","r":"1","c":"PastelPink"}
,{"x":"5","y":"-3","w":"1","d":"2","r":"1","c":"PastelPink"}
,{"x":"-6","y":"-3","w":"2","d":"2","r":"0","c":"PastelPink"}
,{"x":"-7","y":"-4","w":"1","d":"2","r":"0","c":"PastelPink"}
,{"x":"1","y":"0","w":"1","d":"2","r":"0","c":"Yellow"}
]
,[
{"x":"-7","y":"-4","w":"1","d":"2","r":"1","c":"PastelPink"}
,{"x":"-8","y":"-3","w":"2","d":"2","r":"1","c":"PastelPink"}
,{"x":"-6","y":"-3","w":"1","d":"1","r":"1","c":"PastelPink"}
,{"x":"5","y":"-2","w":"1","d":"1","r":"1","c":"PastelPink"}
,{"x":"6","y":"-3","w":"2","d":"2","r":"1","c":"PastelPink"}
,{"x":"-4","y":"-4","w":"2","d":"4","r":"1","c":"PastelPink"}
,{"x":"0","y":"-4","w":"2","d":"4","r":"1","c":"PastelPink"}
,{"x":"0","y":"-2","w":"2","d":"4","r":"1","c":"PastelPink"}
,{"x":"-4","y":"-2","w":"2","d":"4","r":"1","c":"PastelPink"}
,{"x":"1","y":"0","w":"1","d":"2","r":"0","c":"Black"}
,{"x":"2","y":"0","w":"1","d":"2","r":"0","c":"Flesh"}
,{"x":"-3","y":"0","w":"2","d":"4","r":"1","c":"Flesh"}
,{"x":"3","y":"0","w":"1","d":"2","r":"0","c":"PastelPink"}
,{"x":"-4","y":"0","w":"1","d":"2","r":"0","c":"PastelPink"}
]
,[
{"x":"2","y":"1","w":"1","d":"2","r":"0","c":"PastelPink"}
,{"x":"-3","y":"1","w":"1","d":"2","r":"0","c":"PastelPink"}
,{"x":"-2","y":"1","w":"1","d":"2","r":"0","c":"PastelPink"}
,{"x":"1","y":"1","w":"1","d":"2","r":"0","c":"PastelPink"}
,{"x":"0","y":"0","w":"1","d":"2","r":"0","c":"PastelPink"}
,{"x":"-1","y":"0","w":"1","d":"2","r":"0","c":"PastelPink"}
,{"x":"3","y":"-1","w":"1","d":"1","r":"0","c":"Orange"}
,{"x":"-4","y":"-1","w":"1","d":"1","r":"0","c":"Orange"}
,{"x":"0","y":"-4","w":"2","d":"4","r":"0","c":"PastelPink"}
,{"x":"-2","y":"-4","w":"2","d":"4","r":"0","c":"PastelPink"}
,{"x":"2","y":"-3","w":"2","d":"2","r":"0","c":"PastelPink"}
,{"x":"-4","y":"-3","w":"2","d":"2","r":"0","c":"PastelPink"}
,{"x":"-3","y":"-1","w":"1","d":"2","r":"0","c":"PastelPink"}
,{"x":"2","y":"-1","w":"1","d":"2","r":"0","c":"PastelPink"}
,{"x":"1","y":"0","w":"1","d":"1","r":"0","c":"PastelPink"}
,{"x":"-2","y":"0","w":"1","d":"1","r":"0","c":"PastelPink"}
,{"x":"-3","y":"-4","w":"1","d":"1","r":"0","c":"PastelPink"}
,{"x":"2","y":"-4","w":"1","d":"1","r":"0","c":"PastelPink"}
,{"x":"4","y":"-4","w":"2","d":"4","r":"0","c":"PastelPink"}
,{"x":"-6","y":"-4","w":"2","d":"4","r":"0","c":"PastelPink"}
,{"x":"6","y":"-2","w":"1","d":"2","r":"0","c":"PastelPink"}
,{"x":"6","y":"-4","w":"1","d":"2","r":"0","c":"PastelPink"}
,{"x":"-7","y":"-4","w":"1","d":"2","r":"0","c":"PastelPink"}
,{"x":"-7","y":"-2","w":"1","d":"2","r":"0","c":"PastelPink"}
,{"x":"7","y":"-2","w":"1","d":"1","r":"0","c":"PastelPink"}
,{"x":"-8","y":"-2","w":"1","d":"1","r":"0","c":"PastelPink"}
]
,[
{"x":"6","y":"-3","w":"2","d":"2","r":"0","c":"PastelPink"}
,{"x":"-8","y":"-3","w":"2","d":"2","r":"0","c":"PastelPink"}
,{"x":"2","y":"-3","w":"2","d":"4","r":"1","c":"Orange"}
,{"x":"-6","y":"-3","w":"2","d":"4","r":"1","c":"Orange"}
,{"x":"3","y":"-4","w":"1","d":"2","r":"1","c":"PastelPink"}
,{"x":"5","y":"-4","w":"1","d":"2","r":"1","c":"PastelPink"}
,{"x":"5","y":"-1","w":"1","d":"2","r":"1","c":"PastelPink"}
,{"x":"3","y":"-1","w":"1","d":"2","r":"1","c":"PastelPink"}
,{"x":"-5","y":"-1","w":"1","d":"2","r":"1","c":"PastelPink"}
,{"x":"-7","y":"-1","w":"1","d":"2","r":"1","c":"PastelPink"}
,{"x":"-7","y":"-4","w":"1","d":"2","r":"1","c":"PastelPink"}
,{"x":"-5","y":"-4","w":"1","d":"2","r":"1","c":"PastelPink"}
,{"x":"2","y":"-1","w":"1","d":"1","r":"1","c":"Orange"}
,{"x":"-3","y":"-1","w":"1","d":"1","r":"1","c":"Orange"}
,{"x":"2","y":"0","w":"1","d":"2","r":"1","c":"Orange"}
,{"x":"-4","y":"0","w":"1","d":"2","r":"1","c":"Orange"}
,{"x":"-2","y":"-1","w":"2","d":"4","r":"0","c":"PastelPink"}
,{"x":"0","y":"-1","w":"2","d":"4","r":"0","c":"PastelPink"}
,{"x":"-2","y":"-4","w":"2","d":"4","r":"1","c":"PastelPink"}
,{"x":"0","y":"-2","w":"1","d":"2","r":"1","c":"PastelPink"}
,{"x":"-2","y":"-2","w":"1","d":"2","r":"1","c":"PastelPink"}
]
,[
{"x":"0","y":"-3","w":"2","d":"4","r":"0","c":"PastelPink"}
,{"x":"-2","y":"-3","w":"2","d":"4","r":"0","c":"PastelPink"}
,{"x":"3","y":"-2","w":"2","d":"4","r":"1","c":"PastelPink"}
,{"x":"3","y":"-4","w":"2","d":"4","r":"1","c":"PastelPink"}
,{"x":"-7","y":"-4","w":"2","d":"4","r":"1","c":"PastelPink"}
,{"x":"-7","y":"-2","w":"2","d":"4","r":"1","c":"PastelPink"}
,{"x":"2","y":"-2","w":"1","d":"2","r":"0","c":"Orange"}
,{"x":"2","y":"-4","w":"1","d":"2","r":"0","c":"Orange"}
,{"x":"-3","y":"-4","w":"1","d":"2","r":"0","c":"Orange"}
,{"x":"-3","y":"-2","w":"1","d":"2","r":"0","c":"Orange"}
]
,[
{"x":"3","y":"-4","w":"1","d":"2","r":"0","c":"PastelPink"}
,{"x":"-4","y":"-4","w":"1","d":"2","r":"0","c":"PastelPink"}
,{"x":"-6","y":"-3","w":"1","d":"2","r":"0","c":"PastelPink"}
,{"x":"5","y":"-3","w":"1","d":"2","r":"0","c":"PastelPink"}
,{"x":"3","y":"-2","w":"1","d":"2","r":"1","c":"PastelPink"}
,{"x":"4","y":"-4","w":"1","d":"2","r":"1","c":"PastelPink"}
,{"x":"-6","y":"-4","w":"1","d":"2","r":"1","c":"PastelPink"}
,{"x":"-5","y":"-2","w":"1","d":"2","r":"1","c":"PastelPink"}
]
]
}]
}
}