﻿{
"Version":"1.00"
,"Chara":{
"Name":"役追儺"
,"DisplayName":"ついなちゃん"
,"Twitter":"Tuina_chan"
,"Copyright":"日本鬼子プロジェクト"
,"Plate":["14","14","White"]
,"Block":[{
"Name":"全身"
,"BottomPos":"1"
,"Layer":[
[
{"x":"0","y":"0","w":"1","d":"2","r":"1","c":"Black"}
,{"x":"-3","y":"-2","w":"1","d":"2","r":"1","c":"Black"}
]
,[
{"x":"-3","y":"-3","w":"1","d":"2","r":"1","c":"Flesh"}
,{"x":"0","y":"-1","w":"1","d":"2","r":"1","c":"Flesh"}
,{"x":"-3","y":"-2","w":"1","d":"2","r":"0","c":"Flesh"}
,{"x":"1","y":"0","w":"1","d":"2","r":"0","c":"Flesh"}
,{"x":"0","y":"0","w":"1","d":"2","r":"0","c":"Red"}
,{"x":"-2","y":"-2","w":"1","d":"2","r":"0","c":"Red"}
]
,[
{"x":"0","y":"-1","w":"2","d":"2","r":"1","c":"Flesh"}
,{"x":"-3","y":"-3","w":"2","d":"2","r":"1","c":"Flesh"}
]
,[
{"x":"0","y":"-1","w":"2","d":"2","r":"1","c":"Flesh"}
,{"x":"-3","y":"-3","w":"2","d":"2","r":"1","c":"Flesh"}
]
,[
{"x":"-2","y":"-2","w":"2","d":"2","r":"1","c":"Flesh"}
,{"x":"0","y":"-1","w":"2","d":"2","r":"1","c":"Flesh"}
,{"x":"8","y":"-2","w":"2","d":"2","r":"1","c":"SilverGray"}
,{"x":"-10","y":"-2","w":"2","d":"2","r":"1","c":"SilverGray"}
]
,[
{"x":"9","y":"-2","w":"2","d":"2","r":"1","c":"SilverGray"}
,{"x":"-11","y":"-2","w":"2","d":"2","r":"1","c":"SilverGray"}
,{"x":"0","y":"-1","w":"2","d":"2","r":"1","c":"Black"}
,{"x":"-2","y":"-2","w":"2","d":"2","r":"1","c":"Black"}
]
,[
{"x":"9","y":"-2","w":"1","d":"2","r":"0","c":"SilverGray"}
,{"x":"-10","y":"-2","w":"1","d":"2","r":"0","c":"SilverGray"}
,{"x":"0","y":"2","w":"1","d":"2","r":"1","c":"Red"}
,{"x":"-2","y":"2","w":"1","d":"2","r":"1","c":"Red"}
,{"x":"-5","y":"0","w":"1","d":"2","r":"0","c":"Red"}
,{"x":"-7","y":"0","w":"2","d":"2","r":"1","c":"Red"}
,{"x":"-4","y":"0","w":"2","d":"2","r":"1","c":"Red"}
,{"x":"-4","y":"-2","w":"2","d":"2","r":"1","c":"Red"}
,{"x":"2","y":"-2","w":"2","d":"2","r":"1","c":"Red"}
,{"x":"2","y":"0","w":"2","d":"2","r":"1","c":"Red"}
,{"x":"-2","y":"-3","w":"1","d":"2","r":"1","c":"Red"}
,{"x":"0","y":"-3","w":"1","d":"2","r":"1","c":"Red"}
,{"x":"-1","y":"0","w":"1","d":"2","r":"1","c":"Black"}
,{"x":"1","y":"-1","w":"1","d":"2","r":"0","c":"Black"}
,{"x":"-2","y":"-2","w":"1","d":"2","r":"0","c":"Black"}
,{"x":"0","y":"-1","w":"1","d":"1","r":"1","c":"Black"}
,{"x":"-1","y":"-1","w":"1","d":"1","r":"1","c":"Black"}
,{"x":"4","y":"-2","w":"1","d":"2","r":"0","c":"Red"}
,{"x":"5","y":"-2","w":"2","d":"2","r":"1","c":"Red"}
]
,[
{"x":"-2","y":"0","w":"1","d":"4","r":"1","c":"Black"}
,{"x":"0","y":"-1","w":"1","d":"2","r":"1","c":"Black"}
,{"x":"-2","y":"-1","w":"1","d":"2","r":"1","c":"Black"}
,{"x":"-3","y":"-2","w":"1","d":"2","r":"1","c":"Black"}
,{"x":"-3","y":"1","w":"1","d":"2","r":"1","c":"Black"}
,{"x":"1","y":"1","w":"1","d":"2","r":"1","c":"Black"}
,{"x":"1","y":"-2","w":"1","d":"2","r":"1","c":"Black"}
,{"x":"-3","y":"-1","w":"1","d":"2","r":"0","c":"Black"}
,{"x":"2","y":"-1","w":"1","d":"2","r":"0","c":"Black"}
,{"x":"9","y":"-2","w":"1","d":"2","r":"0","c":"SilverGray"}
,{"x":"-10","y":"-2","w":"1","d":"2","r":"0","c":"SilverGray"}
,{"x":"-1","y":"1","w":"2","d":"2","r":"1","c":"Yellow"}
,{"x":"-1","y":"-3","w":"2","d":"2","r":"1","c":"Yellow"}
,{"x":"-1","y":"-5","w":"2","d":"2","r":"1","c":"Cream"}
,{"x":"4","y":"-2","w":"2","d":"2","r":"1","c":"Black"}
,{"x":"-6","y":"0","w":"2","d":"2","r":"1","c":"Black"}
,{"x":"1","y":"-5","w":"1","d":"2","r":"0","c":"Black"}
,{"x":"-2","y":"-5","w":"1","d":"2","r":"0","c":"Black"}
,{"x":"2","y":"-5","w":"2","d":"4","r":"1","c":"Black"}
,{"x":"-6","y":"-5","w":"2","d":"4","r":"1","c":"Black"}
,{"x":"-2","y":"-6","w":"1","d":"2","r":"1","c":"Cream"}
]
,[
{"x":"-2","y":"0","w":"2","d":"4","r":"1","c":"White"}
,{"x":"-2","y":"-2","w":"2","d":"4","r":"1","c":"White"}
,{"x":"-5","y":"-1","w":"2","d":"2","r":"1","c":"Black"}
,{"x":"3","y":"-1","w":"2","d":"2","r":"1","c":"Black"}
,{"x":"8","y":"-2","w":"2","d":"2","r":"1","c":"SilverGray"}
,{"x":"-10","y":"-2","w":"2","d":"2","r":"1","c":"SilverGray"}
,{"x":"5","y":"-4","w":"1","d":"1","r":"1","c":"White"}
,{"x":"-6","y":"-4","w":"1","d":"1","r":"1","c":"White"}
,{"x":"-6","y":"-5","w":"1","d":"2","r":"1","c":"Red"}
,{"x":"4","y":"-5","w":"1","d":"2","r":"1","c":"Red"}
,{"x":"2","y":"-6","w":"1","d":"4","r":"1","c":"Black"}
,{"x":"-6","y":"-6","w":"1","d":"4","r":"1","c":"Black"}
,{"x":"5","y":"-3","w":"1","d":"1","r":"1","c":"Black"}
,{"x":"-6","y":"-3","w":"1","d":"1","r":"1","c":"Black"}
,{"x":"-1","y":"-6","w":"2","d":"4","r":"0","c":"Cream"}
,{"x":"1","y":"-4","w":"2","d":"4","r":"1","c":"Black"}
,{"x":"-5","y":"-4","w":"2","d":"4","r":"1","c":"Black"}
,{"x":"2","y":"-5","w":"1","d":"2","r":"1","c":"Black"}
,{"x":"-4","y":"-5","w":"1","d":"2","r":"1","c":"Black"}
,{"x":"-2","y":"-6","w":"1","d":"2","r":"0","c":"Black"}
,{"x":"1","y":"-6","w":"1","d":"2","r":"0","c":"Black"}
]
,[
{"x":"8","y":"-2","w":"2","d":"2","r":"1","c":"SilverGray"}
,{"x":"-10","y":"-2","w":"2","d":"2","r":"1","c":"SilverGray"}
,{"x":"-4","y":"-1","w":"2","d":"8","r":"1","c":"Flesh"}
,{"x":"1","y":"-2","w":"1","d":"2","r":"1","c":"Red"}
,{"x":"-3","y":"-2","w":"1","d":"2","r":"1","c":"Red"}
,{"x":"-3","y":"1","w":"1","d":"1","r":"0","c":"Red"}
,{"x":"2","y":"1","w":"1","d":"1","r":"0","c":"Red"}
,{"x":"1","y":"1","w":"1","d":"1","r":"0","c":"Yellow"}
,{"x":"-2","y":"1","w":"1","d":"1","r":"0","c":"Yellow"}
,{"x":"-1","y":"-2","w":"1","d":"2","r":"1","c":"Yellow"}
,{"x":"-1","y":"1","w":"1","d":"2","r":"0","c":"Red"}
,{"x":"0","y":"1","w":"1","d":"2","r":"0","c":"Red"}
,{"x":"-1","y":"-3","w":"1","d":"1","r":"1","c":"Red"}
,{"x":"0","y":"-3","w":"1","d":"1","r":"1","c":"Red"}
,{"x":"-4","y":"-4","w":"1","d":"8","r":"1","c":"Black"}
,{"x":"4","y":"-4","w":"1","d":"2","r":"1","c":"Yellow"}
,{"x":"-6","y":"-4","w":"1","d":"2","r":"1","c":"Yellow"}
,{"x":"5","y":"-5","w":"1","d":"1","r":"1","c":"White"}
,{"x":"-6","y":"-5","w":"1","d":"1","r":"1","c":"White"}
,{"x":"-5","y":"-6","w":"2","d":"4","r":"1","c":"Black"}
,{"x":"1","y":"-6","w":"2","d":"4","r":"1","c":"Black"}
,{"x":"5","y":"-6","w":"1","d":"1","r":"1","c":"Black"}
,{"x":"-6","y":"-6","w":"1","d":"1","r":"1","c":"Black"}
,{"x":"-2","y":"-3","w":"1","d":"1","r":"1","c":"Black"}
,{"x":"1","y":"-3","w":"1","d":"1","r":"1","c":"Black"}
,{"x":"2","y":"-3","w":"1","d":"4","r":"1","c":"Black"}
,{"x":"-6","y":"-3","w":"1","d":"4","r":"1","c":"Black"}
,{"x":"-1","y":"-6","w":"2","d":"2","r":"1","c":"Cream"}
]
,[
{"x":"2","y":"-2","w":"1","d":"4","r":"0","c":"Yellow"}
,{"x":"-3","y":"-2","w":"1","d":"4","r":"0","c":"Yellow"}
,{"x":"1","y":"-2","w":"1","d":"1","r":"1","c":"Yellow"}
,{"x":"-2","y":"-2","w":"1","d":"1","r":"1","c":"Yellow"}
,{"x":"-1","y":"-3","w":"2","d":"3","r":"0","c":"Red"}
,{"x":"-1","y":"0","w":"2","d":"2","r":"1","c":"Flesh"}
,{"x":"1","y":"-1","w":"1","d":"2","r":"0","c":"Red"}
,{"x":"-2","y":"-1","w":"1","d":"2","r":"0","c":"Red"}
,{"x":"1","y":"1","w":"1","d":"1","r":"1","c":"Black"}
,{"x":"-2","y":"1","w":"1","d":"1","r":"1","c":"Black"}
,{"x":"7","y":"-2","w":"2","d":"2","r":"1","c":"SilverGray"}
,{"x":"-9","y":"-2","w":"2","d":"2","r":"1","c":"SilverGray"}
,{"x":"-1","y":"-5","w":"2","d":"2","r":"1","c":"Cream"}
,{"x":"0","y":"-6","w":"1","d":"2","r":"1","c":"Cream"}
,{"x":"2","y":"-5","w":"2","d":"4","r":"1","c":"Black"}
,{"x":"-6","y":"-5","w":"2","d":"4","r":"1","c":"Black"}
,{"x":"1","y":"-5","w":"1","d":"2","r":"0","c":"Black"}
,{"x":"-2","y":"-5","w":"1","d":"2","r":"0","c":"Black"}
]
,[
{"x":"7","y":"-2","w":"2","d":"2","r":"1","c":"SilverGray"}
,{"x":"-9","y":"-2","w":"2","d":"2","r":"1","c":"SilverGray"}
,{"x":"-1","y":"-1","w":"2","d":"2","r":"1","c":"Flesh"}
]
,[
{"x":"7","y":"-2","w":"2","d":"2","r":"1","c":"SilverGray"}
,{"x":"-9","y":"-2","w":"2","d":"2","r":"1","c":"SilverGray"}
,{"x":"-1","y":"2","w":"1","d":"2","r":"1","c":"Pink"}
,{"x":"1","y":"2","w":"1","d":"2","r":"1","c":"Flesh"}
,{"x":"-3","y":"2","w":"1","d":"2","r":"1","c":"Flesh"}
,{"x":"-4","y":"1","w":"1","d":"8","r":"1","c":"Flesh"}
,{"x":"-3","y":"-1","w":"2","d":"6","r":"1","c":"Flesh"}
,{"x":"3","y":"-2","w":"1","d":"3","r":"0","c":"SilverGray"}
,{"x":"-4","y":"-2","w":"1","d":"3","r":"0","c":"SilverGray"}
,{"x":"3","y":"2","w":"1","d":"1","r":"1","c":"SilverGray"}
,{"x":"-4","y":"2","w":"1","d":"1","r":"1","c":"SilverGray"}
,{"x":"-3","y":"-3","w":"2","d":"2","r":"1","c":"SilverGray"}
,{"x":"-1","y":"-3","w":"2","d":"2","r":"1","c":"SilverGray"}
,{"x":"1","y":"-3","w":"2","d":"2","r":"1","c":"SilverGray"}
]
,[
{"x":"-1","y":"0","w":"2","d":"3","r":"0","c":"Flesh"}
,{"x":"1","y":"1","w":"1","d":"2","r":"0","c":"Yellow"}
,{"x":"-2","y":"1","w":"1","d":"2","r":"0","c":"Yellow"}
,{"x":"2","y":"1","w":"1","d":"2","r":"0","c":"PastelPink"}
,{"x":"-3","y":"1","w":"1","d":"2","r":"0","c":"PastelPink"}
,{"x":"3","y":"1","w":"1","d":"1","r":"1","c":"Flesh"}
,{"x":"1","y":"0","w":"1","d":"1","r":"1","c":"Flesh"}
,{"x":"-2","y":"0","w":"1","d":"1","r":"1","c":"Flesh"}
,{"x":"-4","y":"1","w":"1","d":"1","r":"1","c":"Flesh"}
,{"x":"-4","y":"2","w":"1","d":"1","r":"1","c":"SilverGray"}
,{"x":"3","y":"2","w":"1","d":"1","r":"1","c":"SilverGray"}
,{"x":"5","y":"-2","w":"2","d":"3","r":"1","c":"SilverGray"}
,{"x":"-8","y":"-2","w":"2","d":"3","r":"1","c":"SilverGray"}
,{"x":"2","y":"-3","w":"2","d":"4","r":"0","c":"SilverGray"}
,{"x":"-4","y":"-3","w":"2","d":"4","r":"0","c":"SilverGray"}
,{"x":"-2","y":"-3","w":"2","d":"3","r":"0","c":"SilverGray"}
,{"x":"0","y":"-3","w":"2","d":"3","r":"0","c":"SilverGray"}
]
,[
{"x":"5","y":"-2","w":"2","d":"2","r":"1","c":"SilverGray"}
,{"x":"-7","y":"-2","w":"2","d":"2","r":"1","c":"SilverGray"}
,{"x":"5","y":"-3","w":"1","d":"2","r":"1","c":"SilverGray"}
,{"x":"-7","y":"-3","w":"1","d":"2","r":"1","c":"SilverGray"}
,{"x":"3","y":"-1","w":"1","d":"4","r":"0","c":"SilverGray"}
,{"x":"-4","y":"-1","w":"1","d":"4","r":"0","c":"SilverGray"}
,{"x":"-1","y":"-1","w":"2","d":"4","r":"0","c":"Flesh"}
,{"x":"1","y":"-1","w":"2","d":"2","r":"1","c":"SilverGray"}
,{"x":"-3","y":"-1","w":"2","d":"2","r":"1","c":"SilverGray"}
,{"x":"-4","y":"-3","w":"2","d":"4","r":"1","c":"SilverGray"}
,{"x":"0","y":"-3","w":"2","d":"4","r":"1","c":"SilverGray"}
,{"x":"2","y":"1","w":"1","d":"2","r":"0","c":"Flesh"}
,{"x":"-3","y":"1","w":"1","d":"2","r":"0","c":"Flesh"}
,{"x":"1","y":"1","w":"1","d":"2","r":"0","c":"Black"}
,{"x":"-2","y":"1","w":"1","d":"2","r":"0","c":"Black"}
,{"x":"2","y":"3","w":"1","d":"1","r":"1","c":"SilverGray"}
,{"x":"-3","y":"3","w":"1","d":"1","r":"1","c":"SilverGray"}
]
,[
{"x":"-1","y":"1","w":"1","d":"2","r":"0","c":"SilverGray"}
,{"x":"0","y":"1","w":"1","d":"2","r":"0","c":"SilverGray"}
,{"x":"1","y":"1","w":"1","d":"3","r":"0","c":"SilverGray"}
,{"x":"2","y":"1","w":"1","d":"3","r":"0","c":"SilverGray"}
,{"x":"-2","y":"1","w":"1","d":"3","r":"0","c":"SilverGray"}
,{"x":"-3","y":"1","w":"1","d":"3","r":"0","c":"SilverGray"}
,{"x":"-2","y":"-3","w":"2","d":"4","r":"0","c":"SilverGray"}
,{"x":"0","y":"-3","w":"2","d":"4","r":"0","c":"SilverGray"}
,{"x":"-3","y":"-1","w":"1","d":"2","r":"0","c":"SilverGray"}
,{"x":"-4","y":"-2","w":"1","d":"2","r":"0","c":"SilverGray"}
,{"x":"-3","y":"-3","w":"1","d":"2","r":"0","c":"SilverGray"}
,{"x":"2","y":"-3","w":"1","d":"2","r":"0","c":"SilverGray"}
,{"x":"2","y":"-1","w":"1","d":"2","r":"0","c":"SilverGray"}
,{"x":"3","y":"-2","w":"1","d":"2","r":"0","c":"SilverGray"}
,{"x":"6","y":"-1","w":"1","d":"2","r":"0","c":"SilverGray"}
,{"x":"6","y":"-3","w":"1","d":"2","r":"0","c":"SilverGray"}
,{"x":"-7","y":"-3","w":"1","d":"2","r":"0","c":"SilverGray"}
,{"x":"-7","y":"-1","w":"1","d":"2","r":"0","c":"SilverGray"}
,{"x":"4","y":"-3","w":"2","d":"4","r":"0","c":"SilverGray"}
,{"x":"-6","y":"-3","w":"2","d":"4","r":"0","c":"SilverGray"}
,{"x":"3","y":"0","w":"1","d":"1","r":"1","c":"Red"}
,{"x":"-4","y":"0","w":"1","d":"1","r":"1","c":"Red"}
]
,[
{"x":"2","y":"1","w":"1","d":"2","r":"1","c":"Red"}
,{"x":"-4","y":"1","w":"1","d":"2","r":"1","c":"Red"}
,{"x":"-2","y":"1","w":"2","d":"2","r":"0","c":"SilverGray"}
,{"x":"0","y":"1","w":"2","d":"2","r":"0","c":"SilverGray"}
,{"x":"-2","y":"-3","w":"2","d":"2","r":"0","c":"SilverGray"}
,{"x":"0","y":"-3","w":"2","d":"2","r":"0","c":"SilverGray"}
,{"x":"-2","y":"-1","w":"2","d":"4","r":"1","c":"SilverGray"}
,{"x":"1","y":"3","w":"2","d":"2","r":"0","c":"Black"}
,{"x":"-3","y":"3","w":"2","d":"2","r":"0","c":"Black"}
,{"x":"-1","y":"4","w":"1","d":"2","r":"1","c":"Red"}
,{"x":"5","y":"0","w":"1","d":"2","r":"1","c":"SilverGray"}
,{"x":"3","y":"0","w":"1","d":"2","r":"1","c":"SilverGray"}
,{"x":"3","y":"-3","w":"1","d":"2","r":"1","c":"SilverGray"}
,{"x":"5","y":"-3","w":"1","d":"2","r":"1","c":"SilverGray"}
,{"x":"-5","y":"-3","w":"1","d":"2","r":"1","c":"SilverGray"}
,{"x":"-7","y":"-3","w":"1","d":"2","r":"1","c":"SilverGray"}
,{"x":"-7","y":"0","w":"1","d":"2","r":"1","c":"SilverGray"}
,{"x":"-5","y":"0","w":"1","d":"2","r":"1","c":"SilverGray"}
,{"x":"2","y":"0","w":"1","d":"1","r":"0","c":"Red"}
,{"x":"-3","y":"0","w":"1","d":"1","r":"0","c":"Red"}
,{"x":"2","y":"-2","w":"2","d":"4","r":"1","c":"Red"}
,{"x":"-6","y":"-2","w":"2","d":"4","r":"1","c":"Red"}
,{"x":"6","y":"-2","w":"2","d":"2","r":"0","c":"SilverGray"}
,{"x":"-8","y":"-2","w":"2","d":"2","r":"0","c":"SilverGray"}
]
,[
{"x":"3","y":"-3","w":"2","d":"4","r":"1","c":"SilverGray"}
,{"x":"3","y":"-1","w":"2","d":"4","r":"1","c":"SilverGray"}
,{"x":"-7","y":"-1","w":"2","d":"4","r":"1","c":"SilverGray"}
,{"x":"-7","y":"-3","w":"2","d":"4","r":"1","c":"SilverGray"}
,{"x":"-2","y":"-2","w":"2","d":"4","r":"0","c":"SilverGray"}
,{"x":"0","y":"-2","w":"2","d":"4","r":"0","c":"SilverGray"}
,{"x":"2","y":"-2","w":"1","d":"4","r":"0","c":"Red"}
,{"x":"-3","y":"-2","w":"1","d":"4","r":"0","c":"Red"}
,{"x":"1","y":"4","w":"1","d":"2","r":"1","c":"Red"}
,{"x":"-3","y":"4","w":"1","d":"2","r":"1","c":"Red"}
,{"x":"-1","y":"4","w":"1","d":"2","r":"1","c":"Black"}
]
,[
{"x":"1","y":"4","w":"1","d":"2","r":"1","c":"Red"}
,{"x":"-1","y":"4","w":"1","d":"2","r":"1","c":"Red"}
,{"x":"-3","y":"4","w":"1","d":"2","r":"1","c":"Red"}
,{"x":"4","y":"-2","w":"2","d":"2","r":"0","c":"SilverGray"}
,{"x":"-6","y":"-2","w":"2","d":"2","r":"0","c":"SilverGray"}
,{"x":"3","y":"-2","w":"1","d":"2","r":"0","c":"SilverGray"}
,{"x":"-4","y":"-2","w":"1","d":"2","r":"0","c":"SilverGray"}
]
,[
{"x":"-1","y":"4","w":"1","d":"2","r":"1","c":"Red"}
,{"x":"2","y":"4","w":"1","d":"1","r":"0","c":"Orange"}
,{"x":"-2","y":"4","w":"1","d":"1","r":"0","c":"Orange"}
,{"x":"1","y":"4","w":"1","d":"1","r":"0","c":"Yellow"}
,{"x":"-3","y":"4","w":"1","d":"1","r":"0","c":"Yellow"}
,{"x":"3","y":"4","w":"1","d":"1","r":"0","c":"Red"}
,{"x":"-4","y":"4","w":"1","d":"1","r":"0","c":"Red"}
]
,[
{"x":"-4","y":"4","w":"1","d":"8","r":"1","c":"Red"}
]
,[
{"x":"-1","y":"4","w":"1","d":"2","r":"1","c":"Red"}
,{"x":"3","y":"4","w":"1","d":"1","r":"0","c":"Red"}
,{"x":"-4","y":"4","w":"1","d":"1","r":"0","c":"Red"}
,{"x":"1","y":"4","w":"1","d":"1","r":"0","c":"Yellow"}
,{"x":"-3","y":"4","w":"1","d":"1","r":"0","c":"Yellow"}
,{"x":"2","y":"4","w":"1","d":"1","r":"0","c":"Orange"}
,{"x":"-2","y":"4","w":"1","d":"1","r":"0","c":"Orange"}
]
,[
{"x":"-1","y":"4","w":"1","d":"2","r":"1","c":"Red"}
,{"x":"1","y":"4","w":"1","d":"3","r":"1","c":"Black"}
,{"x":"-4","y":"4","w":"1","d":"3","r":"1","c":"Black"}
]
,[
{"x":"-4","y":"4","w":"1","d":"8","r":"1","c":"Red"}
]
,[
{"x":"-2","y":"4","w":"1","d":"4","r":"1","c":"Red"}
,{"x":"3","y":"4","w":"1","d":"1","r":"1","c":"Red"}
,{"x":"-4","y":"4","w":"1","d":"1","r":"1","c":"Red"}
]
,[
{"x":"-1","y":"4","w":"1","d":"2","r":"1","c":"Red"}
]
]
}]
}
}