{
	"Chara" : {
		"Name" : "美雲このは",
		"DisplayName" : "美雲このはちゃん",
		"Twitter" : "MikumoConoHa",
		"Copyright" : "©GMO Internet, Inc.",
		"Plate" : ["14", "14", "ClearBlue"],
		"Block" : [
			{
				"Name" : "全身",
				"BottomPos" : "1",
				"Layer" : [
					[	
						{"x" : "9", "y" : "3", "w" : "1", "d" : "2", "r" : "0", "c" : "Brown"}
						,{"x" : "6", "y" : "7", "w" : "2", "d" : "3", "r" : "0", "c" : "Flesh"}
					]	
					,[	
						{"x" : "9", "y" : "3", "w" : "2", "d" : "2", "r" : "0", "c" : "Brown"}
						,{"x" : "15", "y" : "3", "w" : "1", "d" : "2", "r" : "0", "c" : "Brown"}
						,{"x" : "8", "y" : "5", "w" : "1", "d" : "2", "r" : "1", "c" : "Flesh"}
						,{"x" : "6", "y" : "7", "w" : "2", "d" : "2", "r" : "0", "c" : "Flesh"}
					]	
					,[	
						{"x" : "10", "y" : "3", "w" : "2", "d" : "2", "r" : "0", "c" : "Brown"}
						,{"x" : "14", "y" : "3", "w" : "2", "d" : "2", "r" : "0", "c" : "Brown"}
						,{"x" : "8", "y" : "5", "w" : "2", "d" : "2", "r" : "0", "c" : "Flesh"}
						,{"x" : "6", "y" : "7", "w" : "2", "d" : "2", "r" : "0", "c" : "Flesh"}
					]	
					,[	
						{"x" : "10", "y" : "3", "w" : "2", "d" : "2", "r" : "0", "c" : "Brown"}
						,{"x" : "13", "y" : "3", "w" : "2", "d" : "2", "r" : "0", "c" : "Brown"}
						,{"x" : "8", "y" : "6", "w" : "2", "d" : "3", "r" : "0", "c" : "Flesh"}
						,{"x" : "6", "y" : "7", "w" : "2", "d" : "2", "r" : "0", "c" : "Flesh"}
					]	
					,[	
						{"x" : "11", "y" : "3", "w" : "2", "d" : "3", "r" : "1", "c" : "Brown"}
						,{"x" : "6", "y" : "7", "w" : "2", "d" : "2", "r" : "0", "c" : "Flesh"}
						,{"x" : "8", "y" : "7", "w" : "2", "d" : "2", "r" : "0", "c" : "Flesh"}
					]	
					,[	
						{"x" : "12", "y" : "3", "w" : "2", "d" : "2", "r" : "0", "c" : "Brown"}
						,{"x" : "7", "y" : "6", "w" : "1", "d" : "2", "r" : "0", "c" : "White"}
						,{"x" : "8", "y" : "6", "w" : "1", "d" : "2", "r" : "0", "c" : "White"}
						,{"x" : "5", "y" : "7", "w" : "1", "d" : "3", "r" : "0", "c" : "Yellow"}
						,{"x" : "6", "y" : "7", "w" : "1", "d" : "2", "r" : "0", "c" : "Flesh"}
						,{"x" : "9", "y" : "7", "w" : "1", "d" : "2", "r" : "0", "c" : "Flesh"}
						,{"x" : "10", "y" : "7", "w" : "1", "d" : "3", "r" : "0", "c" : "Yellow"}
						,{"x" : "7", "y" : "8", "w" : "1", "d" : "2", "r" : "1", "c" : "White"}
					]	
					,[	
						{"x" : "12", "y" : "3", "w" : "2", "d" : "2", "r" : "0", "c" : "Brown"}
						,{"x" : "6", "y" : "6", "w" : "2", "d" : "2", "r" : "0", "c" : "White"}
						,{"x" : "8", "y" : "6", "w" : "2", "d" : "2", "r" : "0", "c" : "White"}
						,{"x" : "5", "y" : "8", "w" : "1", "d" : "2", "r" : "1", "c" : "Yellow"}
						,{"x" : "7", "y" : "8", "w" : "1", "d" : "2", "r" : "1", "c" : "Flesh"}
						,{"x" : "9", "y" : "8", "w" : "1", "d" : "2", "r" : "1", "c" : "Yellow"}
						,{"x" : "6", "y" : "9", "w" : "1", "d" : "4", "r" : "1", "c" : "White"}
					]	
					,[	
						{"x" : "12", "y" : "3", "w" : "2", "d" : "2", "r" : "0", "c" : "Brown"}
						,{"x" : "6", "y" : "7", "w" : "2", "d" : "3", "r" : "0", "c" : "Flesh"}
						,{"x" : "8", "y" : "7", "w" : "2", "d" : "3", "r" : "0", "c" : "Flesh"}
						,{"x" : "3", "y" : "9", "w" : "2", "d" : "2", "r" : "0", "c" : "Flesh"}
						,{"x" : "2", "y" : "11", "w" : "1", "d" : "1", "r" : "0", "c" : "Blue"}
					]	
					,[	
						{"x" : "11", "y" : "3", "w" : "2", "d" : "2", "r" : "0", "c" : "Brown"}
						,{"x" : "6", "y" : "7", "w" : "1", "d" : "4", "r" : "1", "c" : "Flesh"}
						,{"x" : "4", "y" : "8", "w" : "2", "d" : "2", "r" : "0", "c" : "Flesh"}
						,{"x" : "6", "y" : "8", "w" : "2", "d" : "4", "r" : "1", "c" : "Flesh"}
						,{"x" : "2", "y" : "10", "w" : "2", "d" : "2", "r" : "0", "c" : "Flesh"}
					]	
					,[	
						{"x" : "9", "y" : "3", "w" : "2", "d" : "3", "r" : "1", "c" : "Brown"}
						,{"x" : "6", "y" : "7", "w" : "1", "d" : "1", "r" : "0", "c" : "Black"}
						,{"x" : "7", "y" : "7", "w" : "1", "d" : "2", "r" : "1", "c" : "White"}
						,{"x" : "9", "y" : "7", "w" : "1", "d" : "1", "r" : "0", "c" : "Black"}
						,{"x" : "4", "y" : "8", "w" : "1", "d" : "4", "r" : "1", "c" : "Flesh"}
						,{"x" : "8", "y" : "8", "w" : "1", "d" : "4", "r" : "1", "c" : "Flesh"}
						,{"x" : "4", "y" : "9", "w" : "1", "d" : "2", "r" : "1", "c" : "Flesh"}
						,{"x" : "6", "y" : "9", "w" : "1", "d" : "1", "r" : "0", "c" : "Black"}
						,{"x" : "7", "y" : "9", "w" : "1", "d" : "2", "r" : "1", "c" : "White"}
						,{"x" : "9", "y" : "9", "w" : "1", "d" : "1", "r" : "0", "c" : "Black"}
						,{"x" : "10", "y" : "9", "w" : "1", "d" : "2", "r" : "1", "c" : "Flesh"}
						,{"x" : "0", "y" : "11", "w" : "1", "d" : "3", "r" : "1", "c" : "Green"}
						,{"x" : "3", "y" : "11", "w" : "1", "d" : "2", "r" : "1", "c" : "Yellow"}
					]	
					,[	
						{"x" : "8", "y" : "4", "w" : "2", "d" : "3", "r" : "1", "c" : "Brown"}
						,{"x" : "6", "y" : "7", "w" : "1", "d" : "3", "r" : "0", "c" : "Black"}
						,{"x" : "7", "y" : "7", "w" : "2", "d" : "3", "r" : "0", "c" : "Flesh"}
						,{"x" : "9", "y" : "7", "w" : "1", "d" : "3", "r" : "0", "c" : "Black"}
						,{"x" : "5", "y" : "8", "w" : "1", "d" : "2", "r" : "0", "c" : "Flesh"}
						,{"x" : "10", "y" : "8", "w" : "1", "d" : "2", "r" : "0", "c" : "Flesh"}
						,{"x" : "11", "y" : "9", "w" : "2", "d" : "2", "r" : "0", "c" : "Flesh"}
					]	
					,[	
						{"x" : "7", "y" : "4", "w" : "2", "d" : "2", "r" : "0", "c" : "Brown"}
						,{"x" : "7", "y" : "7", "w" : "2", "d" : "2", "r" : "0", "c" : "Flesh"}
						,{"x" : "4", "y" : "10", "w" : "1", "d" : "1", "r" : "0", "c" : "Brown"}
						,{"x" : "11", "y" : "10", "w" : "1", "d" : "1", "r" : "0", "c" : "Brown"}
						,{"x" : "12", "y" : "10", "w" : "2", "d" : "2", "r" : "0", "c" : "Flesh"}
					]	
					,[	
						{"x" : "5", "y" : "5", "w" : "2", "d" : "3", "r" : "1", "c" : "Brown"}
						,{"x" : "8", "y" : "5", "w" : "2", "d" : "3", "r" : "1", "c" : "Brown"}
						,{"x" : "4", "y" : "6", "w" : "1", "d" : "3", "r" : "0", "c" : "Brown"}
						,{"x" : "11", "y" : "6", "w" : "1", "d" : "3", "r" : "0", "c" : "Brown"}
						,{"x" : "5", "y" : "7", "w" : "2", "d" : "3", "r" : "1", "c" : "Flesh"}
						,{"x" : "8", "y" : "7", "w" : "2", "d" : "3", "r" : "1", "c" : "Flesh"}
						,{"x" : "4", "y" : "9", "w" : "1", "d" : "8", "r" : "1", "c" : "Flesh"}
						,{"x" : "4", "y" : "10", "w" : "1", "d" : "1", "r" : "0", "c" : "Brown"}
						,{"x" : "5", "y" : "10", "w" : "1", "d" : "2", "r" : "1", "c" : "Flesh"}
						,{"x" : "7", "y" : "10", "w" : "1", "d" : "2", "r" : "1", "c" : "Pink"}
						,{"x" : "9", "y" : "10", "w" : "1", "d" : "2", "r" : "1", "c" : "Flesh"}
						,{"x" : "11", "y" : "10", "w" : "1", "d" : "1", "r" : "0", "c" : "Brown"}
						,{"x" : "13", "y" : "11", "w" : "2", "d" : "2", "r" : "0", "c" : "Flesh"}
					]	
					,[	
						{"x" : "4", "y" : "5", "w" : "1", "d" : "8", "r" : "1", "c" : "Brown"}
						,{"x" : "3", "y" : "6", "w" : "2", "d" : "3", "r" : "0", "c" : "Brown"}
						,{"x" : "5", "y" : "6", "w" : "2", "d" : "2", "r" : "0", "c" : "Brown"}
						,{"x" : "7", "y" : "6", "w" : "2", "d" : "2", "r" : "0", "c" : "Brown"}
						,{"x" : "9", "y" : "6", "w" : "2", "d" : "2", "r" : "0", "c" : "Brown"}
						,{"x" : "11", "y" : "6", "w" : "2", "d" : "3", "r" : "0", "c" : "Brown"}
						,{"x" : "5", "y" : "8", "w" : "1", "d" : "1", "r" : "0", "c" : "Brown"}
						,{"x" : "6", "y" : "8", "w" : "1", "d" : "1", "r" : "0", "c" : "Flesh"}
						,{"x" : "7", "y" : "8", "w" : "2", "d" : "3", "r" : "0", "c" : "Flesh"}
						,{"x" : "9", "y" : "8", "w" : "1", "d" : "1", "r" : "0", "c" : "Flesh"}
						,{"x" : "10", "y" : "8", "w" : "1", "d" : "1", "r" : "0", "c" : "Brown"}
						,{"x" : "4", "y" : "9", "w" : "1", "d" : "1", "r" : "0", "c" : "Flesh"}
						,{"x" : "5", "y" : "9", "w" : "1", "d" : "2", "r" : "0", "c" : "PastelPink"}
						,{"x" : "6", "y" : "9", "w" : "1", "d" : "2", "r" : "0", "c" : "DarkBrown"}
						,{"x" : "9", "y" : "9", "w" : "1", "d" : "2", "r" : "0", "c" : "Brown"}
						,{"x" : "10", "y" : "9", "w" : "1", "d" : "2", "r" : "0", "c" : "PastelPink"}
						,{"x" : "11", "y" : "9", "w" : "1", "d" : "1", "r" : "0", "c" : "Flesh"}
						,{"x" : "4", "y" : "10", "w" : "1", "d" : "1", "r" : "0", "c" : "Brown"}
						,{"x" : "11", "y" : "10", "w" : "1", "d" : "1", "r" : "0", "c" : "Brown"}
					]	
					,[	
						{"x" : "4", "y" : "5", "w" : "2", "d" : "4", "r" : "1", "c" : "Brown"}
						,{"x" : "8", "y" : "5", "w" : "2", "d" : "4", "r" : "1", "c" : "Brown"}
						,{"x" : "4", "y" : "7", "w" : "1", "d" : "4", "r" : "0", "c" : "Brown"}
						,{"x" : "5", "y" : "7", "w" : "2", "d" : "2", "r" : "0", "c" : "Brown"}
						,{"x" : "7", "y" : "7", "w" : "2", "d" : "2", "r" : "0", "c" : "Flesh"}
						,{"x" : "9", "y" : "7", "w" : "2", "d" : "2", "r" : "0", "c" : "Brown"}
						,{"x" : "11", "y" : "7", "w" : "1", "d" : "4", "r" : "0", "c" : "Brown"}
						,{"x" : "5", "y" : "9", "w" : "2", "d" : "4", "r" : "1", "c" : "Flesh"}
						,{"x" : "9", "y" : "9", "w" : "1", "d" : "2", "r" : "0", "c" : "DarkBrown"}
						,{"x" : "10", "y" : "9", "w" : "1", "d" : "2", "r" : "0", "c" : "Flesh"}
					]	
					,[	
						{"x" : "5", "y" : "5", "w" : "1", "d" : "1", "r" : "0", "c" : "Brown"}
						,{"x" : "6", "y" : "5", "w" : "2", "d" : "4", "r" : "0", "c" : "Brown"}
						,{"x" : "8", "y" : "5", "w" : "2", "d" : "4", "r" : "0", "c" : "Brown"}
						,{"x" : "10", "y" : "5", "w" : "1", "d" : "1", "r" : "0", "c" : "Brown"}
						,{"x" : "4", "y" : "6", "w" : "2", "d" : "4", "r" : "0", "c" : "Brown"}
						,{"x" : "10", "y" : "6", "w" : "2", "d" : "4", "r" : "0", "c" : "Brown"}
						,{"x" : "6", "y" : "9", "w" : "1", "d" : "2", "r" : "1", "c" : "Brown"}
						,{"x" : "8", "y" : "9", "w" : "1", "d" : "2", "r" : "1", "c" : "Brown"}
						,{"x" : "5", "y" : "10", "w" : "1", "d" : "2", "r" : "0", "c" : "Brown"}
						,{"x" : "6", "y" : "10", "w" : "1", "d" : "2", "r" : "0", "c" : "Brown"}
						,{"x" : "7", "y" : "10", "w" : "1", "d" : "2", "r" : "0", "c" : "Brown"}
						,{"x" : "8", "y" : "10", "w" : "1", "d" : "1", "r" : "0", "c" : "Flesh"}
						,{"x" : "9", "y" : "10", "w" : "1", "d" : "2", "r" : "0", "c" : "Brown"}
						,{"x" : "10", "y" : "10", "w" : "1", "d" : "2", "r" : "0", "c" : "Brown"}
					]	
					,[	
						{"x" : "6", "y" : "5", "w" : "2", "d" : "4", "r" : "1", "c" : "Brown"}
						,{"x" : "5", "y" : "6", "w" : "1", "d" : "1", "r" : "0", "c" : "Brown"}
						,{"x" : "10", "y" : "6", "w" : "1", "d" : "1", "r" : "0", "c" : "Brown"}
						,{"x" : "5", "y" : "7", "w" : "2", "d" : "2", "r" : "0", "c" : "Brown"}
						,{"x" : "7", "y" : "7", "w" : "2", "d" : "2", "r" : "0", "c" : "Brown"}
						,{"x" : "9", "y" : "7", "w" : "2", "d" : "2", "r" : "0", "c" : "Brown"}
						,{"x" : "5", "y" : "9", "w" : "1", "d" : "1", "r" : "0", "c" : "Brown"}
						,{"x" : "6", "y" : "9", "w" : "2", "d" : "3", "r" : "1", "c" : "Brown"}
						,{"x" : "9", "y" : "9", "w" : "1", "d" : "2", "r" : "0", "c" : "Brown"}
						,{"x" : "10", "y" : "9", "w" : "1", "d" : "1", "r" : "0", "c" : "Brown"}
					]	
					,[	
						{"x" : "6", "y" : "6", "w" : "2", "d" : "4", "r" : "0", "c" : "Brown"}
						,{"x" : "8", "y" : "6", "w" : "2", "d" : "4", "r" : "0", "c" : "Brown"}
					]	
				]
			}
		]
	}
}
