﻿<?xml version="1.0"?>
<doc>
<assembly>
<name>
PlamoBlockSetter
</name>
</assembly>
<members>
<member name="T:PlamoBlockSetter.My.Resources.Resources">
<summary>
  ローカライズされた文字列などを検索するための、厳密に型指定されたリソース クラスです。
</summary>
</member>
<member name="P:PlamoBlockSetter.My.Resources.Resources.ResourceManager">
<summary>
  このクラスで使用されているキャッシュされた ResourceManager インスタンスを返します。
</summary>
</member>
<member name="P:PlamoBlockSetter.My.Resources.Resources.Culture">
<summary>
  厳密に型指定されたこのリソース クラスを使用して、すべての検索リソースに対し、
  現在のスレッドの CurrentUICulture プロパティをオーバーライドします。
</summary>
</member>
</members>
</doc>
